postcode,suburb,Distance_to_32WrightCt_km,Distance_Range,Free_Shipping_Threshold,Fee_If_Under
5000,ADELAIDE,1.07,≤ 5 km,$29,$6
5034,WAYVILLE,2.04,≤ 5 km,$29,$6
5035,KESWICK TERMINAL,2.33,≤ 5 km,$29,$6
5035,KESWICK,2.71,≤ 5 km,$29,$6
5034,GOODWOOD,2.79,≤ 5 km,$29,$6
5063,PARKSIDE,2.9,≤ 5 km,$29,$6
5006,NORTH ADELAIDE,2.98,≤ 5 km,$29,$6
5033,HILTON,2.98,≤ 5 km,$29,$6
5031,MILE END SOUTH,3.09,≤ 5 km,$29,$6
5067,KENT TOWN,3.36,≤ 5 km,$29,$6
5067,ROSE PARK,3.39,≤ 5 km,$29,$6
5069,HACKNEY,3.43,≤ 5 km,$29,$6
5031,MILE END,3.44,≤ 5 km,$29,$6
5063,EASTWOOD,3.45,≤ 5 km,$29,$6
5061,UNLEY,3.45,≤ 5 km,$29,$6
5061,HYDE PARK,3.45,≤ 5 km,$29,$6
5035,ASHFORD,3.58,≤ 5 km,$29,$6
5035,FORESTVILLE,3.7,≤ 5 km,$29,$6
5035,EVERARD PARK,3.73,≤ 5 km,$29,$6
5031,THEBARTON,3.89,≤ 5 km,$29,$6
5033,COWANDILLA,3.96,≤ 5 km,$29,$6
5067,NORWOOD,4.32,≤ 5 km,$29,$6
5033,MARLESTON,4.33,≤ 5 km,$29,$6
5033,RICHMOND,4.35,≤ 5 km,$29,$6
5037,KURRALTA PARK,4.43,≤ 5 km,$29,$6
5061,UNLEY PARK,4.43,≤ 5 km,$29,$6
5034,MILLSWOOD,4.44,≤ 5 km,$29,$6
5034,KINGS PARK,4.49,≤ 5 km,$29,$6
5065,DULWICH,4.55,≤ 5 km,$29,$6
5063,FREWVILLE,4.59,≤ 5 km,$29,$6
5007,HINDMARSH,4.63,≤ 5 km,$29,$6
5063,FULLARTON,4.7,≤ 5 km,$29,$6
5034,CLARENCE PARK,4.72,≤ 5 km,$29,$6
5081,GILBERTON,4.72,≤ 5 km,$29,$6
5082,OVINGHAM,4.72,≤ 5 km,$29,$6
5031,TORRENSVILLE,4.74,≤ 5 km,$29,$6
5065,TOORAK GARDENS,4.81,≤ 5 km,$29,$6
5035,BLACK FOREST,4.92,≤ 5 km,$29,$6
5061,MALVERN,4.92,≤ 5 km,$29,$6
5007,BOWDEN,4.95,≤ 5 km,$29,$6
5065,GLENSIDE,5.01,> 5 km 且 ≤ 10 km,$49,$6
5068,MARRYATVILLE,5.04,> 5 km 且 ≤ 10 km,$49,$6
5081,MEDINDIE,5.11,> 5 km 且 ≤ 10 km,$49,$6
5069,COLLEGE PARK,5.19,> 5 km 且 ≤ 10 km,$49,$6
5007,BROMPTON,5.19,> 5 km 且 ≤ 10 km,$49,$6
5032,BROOKLYN PARK,5.21,> 5 km 且 ≤ 10 km,$49,$6
5068,KENSINGTON,5.3,> 5 km 且 ≤ 10 km,$49,$6
5033,WEST RICHMOND,5.31,> 5 km 且 ≤ 10 km,$49,$6
5081,MEDINDIE GARDENS,5.4,> 5 km 且 ≤ 10 km,$49,$6
5037,GLANDORE,5.41,> 5 km 且 ≤ 10 km,$49,$6
5008,CROYDON,5.46,> 5 km 且 ≤ 10 km,$49,$6
5082,FITZROY,5.46,> 5 km 且 ≤ 10 km,$49,$6
5064,GLENUNGA,5.49,> 5 km 且 ≤ 10 km,$49,$6
5082,THORNGATE,5.58,> 5 km 且 ≤ 10 km,$49,$6
5038,PLYMPTON,5.59,> 5 km 且 ≤ 10 km,$49,$6
5032,UNDERDALE,5.61,> 5 km 且 ≤ 10 km,$49,$6
5069,EVANDALE,5.64,> 5 km 且 ≤ 10 km,$49,$6
5069,STEPNEY,5.7,> 5 km 且 ≤ 10 km,$49,$6
5041,CUMBERLAND PARK,5.73,> 5 km 且 ≤ 10 km,$49,$6
5007,WELLAND,5.76,> 5 km 且 ≤ 10 km,$49,$6
5067,BEULAH PARK,5.84,> 5 km 且 ≤ 10 km,$49,$6
5041,WESTBOURNE PARK,5.86,> 5 km 且 ≤ 10 km,$49,$6
5007,WEST HINDMARSH,5.91,> 5 km 且 ≤ 10 km,$49,$6
5009,ALLENBY GARDENS,5.91,> 5 km 且 ≤ 10 km,$49,$6
5062,HAWTHORN,6.0,> 5 km 且 ≤ 10 km,$49,$6
5064,GLEN OSMOND,6.01,> 5 km 且 ≤ 10 km,$49,$6
5068,LEABROOK,6.02,> 5 km 且 ≤ 10 km,$49,$6
5069,MAYLANDS,6.06,> 5 km 且 ≤ 10 km,$49,$6
5065,TUSMORE,6.09,> 5 km 且 ≤ 10 km,$49,$6
5008,RENOWN PARK,6.11,> 5 km 且 ≤ 10 km,$49,$6
5081,WALKERVILLE,6.11,> 5 km 且 ≤ 10 km,$49,$6
5063,HIGHGATE,6.12,> 5 km 且 ≤ 10 km,$49,$6
5008,RIDLEYTON,6.14,> 5 km 且 ≤ 10 km,$49,$6
5039,CLARENCE GARDENS,6.17,> 5 km 且 ≤ 10 km,$49,$6
5041,DAW PARK,6.17,> 5 km 且 ≤ 10 km,$49,$6
5083,NAILSWORTH,6.18,> 5 km 且 ≤ 10 km,$49,$6
5064,ST GEORGES,6.21,> 5 km 且 ≤ 10 km,$49,$6
5062,KINGSWOOD,6.23,> 5 km 且 ≤ 10 km,$49,$6
5069,ST PETERS,6.23,> 5 km 且 ≤ 10 km,$49,$6
5081,COLLINSWOOD,6.24,> 5 km 且 ≤ 10 km,$49,$6
5064,MYRTLE BANK,6.29,> 5 km 且 ≤ 10 km,$49,$6
5082,PROSPECT,6.37,> 5 km 且 ≤ 10 km,$49,$6
5008,DEVON PARK,6.38,> 5 km 且 ≤ 10 km,$49,$6
5038,SOUTH PLYMPTON,6.42,> 5 km 且 ≤ 10 km,$49,$6
5070,ROYSTON PARK,6.48,> 5 km 且 ≤ 10 km,$49,$6
5066,HAZELWOOD PARK,6.55,> 5 km 且 ≤ 10 km,$49,$6
5068,KENSINGTON PARK,6.59,> 5 km 且 ≤ 10 km,$49,$6
5068,TRINITY GARDENS,6.6,> 5 km 且 ≤ 10 km,$49,$6
5070,JOSLIN,6.65,> 5 km 且 ≤ 10 km,$49,$6
5065,LINDEN PARK,6.72,> 5 km 且 ≤ 10 km,$49,$6
5037,NETLEY,6.78,> 5 km 且 ≤ 10 km,$49,$6
5068,HEATHPOOL,6.82,> 5 km 且 ≤ 10 km,$49,$6
5081,VALE PARK,6.82,> 5 km 且 ≤ 10 km,$49,$6
5064,URRBRAE,6.86,> 5 km 且 ≤ 10 km,$49,$6
5041,COLONEL LIGHT GARDENS,6.87,> 5 km 且 ≤ 10 km,$49,$6
5032,LOCKLEYS,6.88,> 5 km 且 ≤ 10 km,$49,$6
5025,FLINDERS PARK,6.97,> 5 km 且 ≤ 10 km,$49,$6
5070,PAYNEHAM,6.97,> 5 km 且 ≤ 10 km,$49,$6
5062,NETHERBY,7.05,> 5 km 且 ≤ 10 km,$49,$6
5039,EDWARDSTOWN,7.06,> 5 km 且 ≤ 10 km,$49,$6
5068,ST MORRIS,7.07,> 5 km 且 ≤ 10 km,$49,$6
5062,LOWER MITCHAM,7.11,> 5 km 且 ≤ 10 km,$49,$6
5037,NORTH PLYMPTON,7.14,> 5 km 且 ≤ 10 km,$49,$6
5066,ERINDALE,7.19,> 5 km 且 ≤ 10 km,$49,$6
5009,BEVERLEY,7.3,> 5 km 且 ≤ 10 km,$49,$6
5038,CAMDEN PARK,7.35,> 5 km 且 ≤ 10 km,$49,$6
5038,PLYMPTON PARK,7.37,> 5 km 且 ≤ 10 km,$49,$6
5068,KENSINGTON GARDENS,7.38,> 5 km 且 ≤ 10 km,$49,$6
5083,SEFTON PARK,7.39,> 5 km 且 ≤ 10 km,$49,$6
5062,TORRENS PARK,7.4,> 5 km 且 ≤ 10 km,$49,$6
5008,CROYDON PARK,7.43,> 5 km 且 ≤ 10 km,$49,$6
5066,BURNSIDE,7.51,> 5 km 且 ≤ 10 km,$49,$6
5070,MARDEN,7.56,> 5 km 且 ≤ 10 km,$49,$6
5066,BEAUMONT,7.57,> 5 km 且 ≤ 10 km,$49,$6
5062,SPRINGFIELD,7.6,> 5 km 且 ≤ 10 km,$49,$6
5008,WEST CROYDON,7.67,> 5 km 且 ≤ 10 km,$49,$6
5070,PAYNEHAM SOUTH,7.71,> 5 km 且 ≤ 10 km,$49,$6
5039,MELROSE PARK,7.71,> 5 km 且 ≤ 10 km,$49,$6
5008,DUDLEY PARK,7.84,> 5 km 且 ≤ 10 km,$49,$6
5062,MITCHAM,7.84,> 5 km 且 ≤ 10 km,$49,$6
5072,ROSSLYN PARK,7.85,> 5 km 且 ≤ 10 km,$49,$6
5086,MANNINGHAM,7.88,> 5 km 且 ≤ 10 km,$49,$6
5024,FULHAM,7.93,> 5 km 且 ≤ 10 km,$49,$6
5011,WOODVILLE PARK,7.99,> 5 km 且 ≤ 10 km,$49,$6
5066,WATERFALL GULLY,8.21,> 5 km 且 ≤ 10 km,$49,$6
5066,WATTLE PARK,8.34,> 5 km 且 ≤ 10 km,$49,$6
5070,FELIXSTOW,8.37,> 5 km 且 ≤ 10 km,$49,$6
5083,BROADVIEW,8.37,> 5 km 且 ≤ 10 km,$49,$6
5041,PANORAMA,8.38,> 5 km 且 ≤ 10 km,$49,$6
5070,GLYNDE,8.4,> 5 km 且 ≤ 10 km,$49,$6
5025,KIDMAN PARK,8.43,> 5 km 且 ≤ 10 km,$49,$6
5040,NOVAR GARDENS,8.47,> 5 km 且 ≤ 10 km,$49,$6
5062,CLAPHAM,8.55,> 5 km 且 ≤ 10 km,$49,$6
5043,ASCOT PARK,8.58,> 5 km 且 ≤ 10 km,$49,$6
5023,FINDON,8.63,> 5 km 且 ≤ 10 km,$49,$6
5062,BROWN HILL CREEK,8.64,> 5 km 且 ≤ 10 km,$49,$6
5086,HAMPSTEAD GARDENS,8.68,> 5 km 且 ≤ 10 km,$49,$6
5073,TRANMERE,8.8,> 5 km 且 ≤ 10 km,$49,$6
5009,KILKENNY,8.82,> 5 km 且 ≤ 10 km,$49,$6
5062,LYNTON,8.83,> 5 km 且 ≤ 10 km,$49,$6
5066,STONYFELL,8.84,> 5 km 且 ≤ 10 km,$49,$6
5011,WOODVILLE,8.86,> 5 km 且 ≤ 10 km,$49,$6
5070,FIRLE,8.92,> 5 km 且 ≤ 10 km,$49,$6
5024,WEST BEACH,8.95,> 5 km 且 ≤ 10 km,$49,$6
5086,GREENACRES,8.97,> 5 km 且 ≤ 10 km,$49,$6
5087,KLEMZIG,8.98,> 5 km 且 ≤ 10 km,$49,$6
5043,PARK HOLME,9.07,> 5 km 且 ≤ 10 km,$49,$6
5044,GLENGOWRIE,9.14,> 5 km 且 ≤ 10 km,$49,$6
5084,BLAIR ATHOL,9.14,> 5 km 且 ≤ 10 km,$49,$6
5950,ADELAIDE AIRPORT,9.17,> 5 km 且 ≤ 10 km,$49,$6
5043,MORPHETTVILLE,9.17,> 5 km 且 ≤ 10 km,$49,$6
5042,CLOVELLY PARK,9.19,> 5 km 且 ≤ 10 km,$49,$6
5073,HECTORVILLE,9.26,> 5 km 且 ≤ 10 km,$49,$6
5072,MAGILL,9.27,> 5 km 且 ≤ 10 km,$49,$6
5084,KILBURN,9.31,> 5 km 且 ≤ 10 km,$49,$6
5072,AULDANA,9.6,> 5 km 且 ≤ 10 km,$49,$6
5011,WOODVILLE SOUTH,9.71,> 5 km 且 ≤ 10 km,$49,$6
5024,FULHAM GARDENS,9.77,> 5 km 且 ≤ 10 km,$49,$6
5011,WOODVILLE WEST,9.79,> 5 km 且 ≤ 10 km,$49,$6
5042,PASADENA,9.81,> 5 km 且 ≤ 10 km,$49,$6
5074,CAMPBELLTOWN,9.84,> 5 km 且 ≤ 10 km,$49,$6
5045,GLENELG NORTH,9.87,> 5 km 且 ≤ 10 km,$49,$6
5085,ENFIELD,9.88,> 5 km 且 ≤ 10 km,$49,$6
5022,HENLEY BEACH SOUTH,9.95,> 5 km 且 ≤ 10 km,$49,$6
5012,WOODVILLE GARDENS,10.02,> 10 km 且 ≤ 15 km,$59,$8
5010,REGENCY PARK,10.04,> 10 km 且 ≤ 15 km,$59,$8
5042,ST MARYS,10.13,> 10 km 且 ≤ 15 km,$59,$8
5010,FERRYDEN PARK,10.14,> 10 km 且 ≤ 15 km,$59,$8
5064,MOUNT OSMOND,10.26,> 10 km 且 ≤ 15 km,$59,$8
5045,GLENELG EAST,10.26,> 10 km 且 ≤ 15 km,$59,$8
5085,CLEARVIEW,10.28,> 10 km 且 ≤ 15 km,$59,$8
5086,HILLCREST,10.29,> 10 km 且 ≤ 15 km,$59,$8
5045,GLENELG,10.3,> 10 km 且 ≤ 15 km,$59,$8
5023,SEATON,10.49,> 10 km 且 ≤ 15 km,$59,$8
5072,SKYE,10.56,> 10 km 且 ≤ 15 km,$59,$8
5014,ALBERT PARK,10.56,> 10 km 且 ≤ 15 km,$59,$8
5052,BELAIR,10.59,> 10 km 且 ≤ 15 km,$59,$8
5010,ANGLE PARK,10.64,> 10 km 且 ≤ 15 km,$59,$8
5043,MITCHELL PARK,10.65,> 10 km 且 ≤ 15 km,$59,$8
5014,CHELTENHAM,10.7,> 10 km 且 ≤ 15 km,$59,$8
5043,MARION,10.72,> 10 km 且 ≤ 15 km,$59,$8
5042,TONSLEY,10.78,> 10 km 且 ≤ 15 km,$59,$8
5094,GEPPS CROSS,10.82,> 10 km 且 ≤ 15 km,$59,$8
5085,LIGHTSVIEW,10.84,> 10 km 且 ≤ 15 km,$59,$8
5012,WOODVILLE NORTH,10.94,> 10 km 且 ≤ 15 km,$59,$8
5045,GLENELG SOUTH,11.0,> 10 km 且 ≤ 15 km,$59,$8
5044,SOMERTON PARK,11.02,> 10 km 且 ≤ 15 km,$59,$8
5011,ST CLAIR,11.12,> 10 km 且 ≤ 15 km,$59,$8
5022,HENLEY BEACH,11.15,> 10 km 且 ≤ 15 km,$59,$8
5014,HENDON,11.16,> 10 km 且 ≤ 15 km,$59,$8
5074,NEWTON,11.3,> 10 km 且 ≤ 15 km,$59,$8
5072,WOODFORDE,11.36,> 10 km 且 ≤ 15 km,$59,$8
5075,PARADISE,11.46,> 10 km 且 ≤ 15 km,$59,$8
5046,WARRADALE,11.54,> 10 km 且 ≤ 15 km,$59,$8
5086,OAKDEN,11.59,> 10 km 且 ≤ 15 km,$59,$8
5014,ALBERTON,11.82,> 10 km 且 ≤ 15 km,$59,$8
5052,GLENALTA,11.83,> 10 km 且 ≤ 15 km,$59,$8
5014,QUEENSTOWN,11.87,> 10 km 且 ≤ 15 km,$59,$8
5150,LEAWOOD GARDENS,11.91,> 10 km 且 ≤ 15 km,$59,$8
5012,MANSFIELD PARK,11.98,> 10 km 且 ≤ 15 km,$59,$8
5012,ATHOL PARK,11.99,> 10 km 且 ≤ 15 km,$59,$8
5046,OAKLANDS PARK,12.05,> 10 km 且 ≤ 15 km,$59,$8
5085,NORTHGATE,12.13,> 10 km 且 ≤ 15 km,$59,$8
5013,PENNINGTON,12.13,> 10 km 且 ≤ 15 km,$59,$8
5085,NORTHFIELD,12.2,> 10 km 且 ≤ 15 km,$59,$8
5087,WINDSOR GARDENS,12.2,> 10 km 且 ≤ 15 km,$59,$8
5022,GRANGE,12.29,> 10 km 且 ≤ 15 km,$59,$8
5086,GILLES PLAINS,12.35,> 10 km 且 ≤ 15 km,$59,$8
5014,ROYAL PARK,12.41,> 10 km 且 ≤ 15 km,$59,$8
5075,DERNANCOURT,12.49,> 10 km 且 ≤ 15 km,$59,$8
5073,ROSTREVOR,12.5,> 10 km 且 ≤ 15 km,$59,$8
5042,BEDFORD PARK,12.59,> 10 km 且 ≤ 15 km,$59,$8
5048,NORTH BRIGHTON,12.74,> 10 km 且 ≤ 15 km,$59,$8
5140,GREENHILL,12.74,> 10 km 且 ≤ 15 km,$59,$8
5050,BELLEVUE HEIGHTS,12.76,> 10 km 且 ≤ 15 km,$59,$8
5072,TERINGIE,12.85,> 10 km 且 ≤ 15 km,$59,$8
5013,WINGFIELD,12.88,> 10 km 且 ≤ 15 km,$59,$8
5048,HOVE,13.25,> 10 km 且 ≤ 15 km,$59,$8
5051,BLACKWOOD,13.28,> 10 km 且 ≤ 15 km,$59,$8
5013,ROSEWATER,13.33,> 10 km 且 ≤ 15 km,$59,$8
5093,VALLEY VIEW,13.36,> 10 km 且 ≤ 15 km,$59,$8
5088,HOLDEN HILL,13.39,> 10 km 且 ≤ 15 km,$59,$8
5047,DARLINGTON,13.46,> 10 km 且 ≤ 15 km,$59,$8
5048,DOVER GARDENS,13.51,> 10 km 且 ≤ 15 km,$59,$8
5047,STURT,13.52,> 10 km 且 ≤ 15 km,$59,$8
5015,PORT ADELAIDE,13.65,> 10 km 且 ≤ 15 km,$59,$8
5050,EDEN HILLS,13.66,> 10 km 且 ≤ 15 km,$59,$8
5047,SEACOMBE GARDENS,13.7,> 10 km 且 ≤ 15 km,$59,$8
5021,WEST LAKES,13.71,> 10 km 且 ≤ 15 km,$59,$8
5015,TORRENS ISLAND,13.79,> 10 km 且 ≤ 15 km,$59,$8
5051,HAWTHORNDENE,13.92,> 10 km 且 ≤ 15 km,$59,$8
5013,OTTOWAY,13.95,> 10 km 且 ≤ 15 km,$59,$8
5095,POORAKA,14.09,> 10 km 且 ≤ 15 km,$59,$8
5076,ATHELSTONE,14.09,> 10 km 且 ≤ 15 km,$59,$8
5047,SEACOMBE HEIGHTS,14.13,> 10 km 且 ≤ 15 km,$59,$8
5048,BRIGHTON,14.28,> 10 km 且 ≤ 15 km,$59,$8
5141,HORSNELL GULLY,14.5,> 10 km 且 ≤ 15 km,$59,$8
5098,WALKLEY HEIGHTS,14.54,> 10 km 且 ≤ 15 km,$59,$8
5095,MAWSON LAKES,14.54,> 10 km 且 ≤ 15 km,$59,$8
5048,SOUTH BRIGHTON,14.57,> 10 km 且 ≤ 15 km,$59,$8
5015,NEW PORT,14.74,> 10 km 且 ≤ 15 km,$59,$8
5094,CAVAN,14.77,> 10 km 且 ≤ 15 km,$59,$8
5013,GILLMAN,14.85,> 10 km 且 ≤ 15 km,$59,$8
5022,TENNYSON,14.87,> 10 km 且 ≤ 15 km,$59,$8
5152,CRAFERS,14.9,> 10 km 且 ≤ 15 km,$59,$8
5015,ETHELTON,14.91,> 10 km 且 ≤ 15 km,$59,$8
5092,MODBURY,14.97,> 10 km 且 ≤ 15 km,$59,$8
5015,GLANVILLE,15.28,> 15 km 且 ≤ 20 km,$69,$10
5141,SUMMERTOWN,15.32,> 15 km 且 ≤ 20 km,$69,$10
5049,SEAVIEW DOWNS,15.33,> 15 km 且 ≤ 20 km,$69,$10
5020,WEST LAKES SHORE,15.38,> 15 km 且 ≤ 20 km,$69,$10
5019,EXETER,15.51,> 15 km 且 ≤ 20 km,$69,$10
5049,SEACLIFF,15.69,> 15 km 且 ≤ 20 km,$69,$10
5051,CRAIGBURN FARM,15.72,> 15 km 且 ≤ 20 km,$69,$10
5019,SEMAPHORE SOUTH,15.82,> 15 km 且 ≤ 20 km,$69,$10
5019,SEMAPHORE PARK,15.84,> 15 km 且 ≤ 20 km,$69,$10
5093,PARA VISTA,15.95,> 15 km 且 ≤ 20 km,$69,$10
5090,HOPE VALLEY,16.01,> 15 km 且 ≤ 20 km,$69,$10
5049,SEACLIFF PARK,16.02,> 15 km 且 ≤ 20 km,$69,$10
5019,SEMAPHORE,16.11,> 15 km 且 ≤ 20 km,$69,$10
5098,INGLE FARM,16.2,> 15 km 且 ≤ 20 km,$69,$10
5152,STIRLING,16.21,> 15 km 且 ≤ 20 km,$69,$10
5051,COROMANDEL VALLEY,16.49,> 15 km 且 ≤ 20 km,$69,$10
5152,CLELAND,16.56,> 15 km 且 ≤ 20 km,$69,$10
5097,RIDGEHAVEN,16.64,> 15 km 且 ≤ 20 km,$69,$10
5152,CRAFERS WEST,16.75,> 15 km 且 ≤ 20 km,$69,$10
5049,KINGSTON PARK,16.81,> 15 km 且 ≤ 20 km,$69,$10
5092,MODBURY NORTH,17.03,> 15 km 且 ≤ 20 km,$69,$10
5096,PARA HILLS WEST,17.06,> 15 km 且 ≤ 20 km,$69,$10
5049,MARINO,17.11,> 15 km 且 ≤ 20 km,$69,$10
5097,ST AGNES,17.22,> 15 km 且 ≤ 20 km,$69,$10
5159,FLAGSTAFF HILL,17.26,> 15 km 且 ≤ 20 km,$69,$10
5158,O'HALLORAN HILL,17.36,> 15 km 且 ≤ 20 km,$69,$10
5136,NORTON SUMMIT,17.37,> 15 km 且 ≤ 20 km,$69,$10
5089,HIGHBURY,17.66,> 15 km 且 ≤ 20 km,$69,$10
5142,URAIDLA,17.77,> 15 km 且 ≤ 20 km,$69,$10
5096,PARA HILLS,18.12,> 15 km 且 ≤ 20 km,$69,$10
5137,ASHTON,18.17,> 15 km 且 ≤ 20 km,$69,$10
5134,MONTACUTE,18.19,> 15 km 且 ≤ 20 km,$69,$10
5096,GULFVIEW HEIGHTS,18.31,> 15 km 且 ≤ 20 km,$69,$10
5092,MODBURY HEIGHTS,18.33,> 15 km 且 ≤ 20 km,$69,$10
5157,COROMANDEL EAST,18.41,> 15 km 且 ≤ 20 km,$69,$10
5153,HEATHFIELD,18.73,> 15 km 且 ≤ 20 km,$69,$10
5151,PICCADILLY,18.74,> 15 km 且 ≤ 20 km,$69,$10
5091,VISTA,19.05,> 15 km 且 ≤ 20 km,$69,$10
5097,REDWOOD PARK,19.37,> 15 km 且 ≤ 20 km,$69,$10
5158,TROTT PARK,19.39,> 15 km 且 ≤ 20 km,$69,$10
5107,GREEN FIELDS,19.45,> 15 km 且 ≤ 20 km,$69,$10
5127,WYNN VALE,19.46,> 15 km 且 ≤ 20 km,$69,$10
5106,SALISBURY SOUTH,19.5,> 15 km 且 ≤ 20 km,$69,$10
5158,HALLETT COVE,19.57,> 15 km 且 ≤ 20 km,$69,$10
5154,ALDGATE,19.79,> 15 km 且 ≤ 20 km,$69,$10
5109,BRAHMA LODGE,20.1,> 20 km,N/A,N/A
5137,MARBLE HILL,20.13,> 20 km,N/A,N/A
5091,TEA TREE GULLY,20.24,> 20 km,N/A,N/A
5138,BASKET RANGE,20.32,> 20 km,N/A,N/A
5110,GLOBE DERBY PARK,20.45,> 20 km,N/A,N/A
5159,ABERFOYLE PARK,20.59,> 20 km,N/A,N/A
5158,SHEIDOW PARK,20.68,> 20 km,N/A,N/A
5125,GOLDEN GROVE,20.71,> 20 km,N/A,N/A
5161,REYNELLA EAST,20.72,> 20 km,N/A,N/A
5126,SURREY DOWNS,20.76,> 20 km,N/A,N/A
5153,IRONBANK,20.91,> 20 km,N/A,N/A
5109,SALISBURY EAST,20.95,> 20 km,N/A,N/A
5091,BANKSIA PARK,21.02,> 20 km,N/A,N/A
5016,PETERHEAD,21.03,> 20 km,N/A,N/A
5110,BOLIVAR,21.05,> 20 km,N/A,N/A
5144,CAREY GULLY,21.07,> 20 km,N/A,N/A
5015,BIRKENHEAD,21.1,> 20 km,N/A,N/A
5107,PARAFIELD GARDENS,21.11,> 20 km,N/A,N/A
5159,HAPPY VALLEY,21.21,> 20 km,N/A,N/A
5155,BRIDGEWATER,21.26,> 20 km,N/A,N/A
5155,MOUNT GEORGE,21.4,> 20 km,N/A,N/A
5156,UPPER STURT,21.4,> 20 km,N/A,N/A
5109,SALISBURY PLAIN,21.57,> 20 km,N/A,N/A
5161,REYNELLA,21.6,> 20 km,N/A,N/A
5161,OLD REYNELLA,21.82,> 20 km,N/A,N/A
5153,LONGWOOD,21.88,> 20 km,N/A,N/A
5134,CHERRYVILLE,22.01,> 20 km,N/A,N/A
5109,SALISBURY PARK,22.07,> 20 km,N/A,N/A
5016,LARGS BAY,22.11,> 20 km,N/A,N/A
5016,LARGS NORTH,22.11,> 20 km,N/A,N/A
5076,CASTAMBUL,22.24,> 20 km,N/A,N/A
5162,WOODCROFT,22.43,> 20 km,N/A,N/A
5126,FAIRVIEW PARK,22.43,> 20 km,N/A,N/A
5015,GARDEN ISLAND,22.68,> 20 km,N/A,N/A
5126,YATALA VALE,22.84,> 20 km,N/A,N/A
5131,HOUGHTON,22.9,> 20 km,N/A,N/A
5108,SALISBURY DOWNS,22.93,> 20 km,N/A,N/A
5109,SALISBURY HEIGHTS,23.0,> 20 km,N/A,N/A
5159,CHANDLERS HILL,23.19,> 20 km,N/A,N/A
5106,PARAFIELD,23.39,> 20 km,N/A,N/A
5131,LOWER HERMITAGE,23.66,> 20 km,N/A,N/A
5153,SCOTT CREEK,23.81,> 20 km,N/A,N/A
5132,PARACOMBE,23.92,> 20 km,N/A,N/A
5125,GREENWITH,24.01,> 20 km,N/A,N/A
5108,PARALOWIE,24.12,> 20 km,N/A,N/A
5153,MYLOR,24.27,> 20 km,N/A,N/A
5108,SALISBURY,24.37,> 20 km,N/A,N/A
5017,OSBORNE,24.39,> 20 km,N/A,N/A
5017,TAPEROO,24.39,> 20 km,N/A,N/A
5162,MORPHETT VALE,24.41,> 20 km,N/A,N/A
5153,BRADBURY,24.45,> 20 km,N/A,N/A
5160,LONSDALE,24.89,> 20 km,N/A,N/A
5245,VERDUN,25.05,> 20 km,N/A,N/A
5157,CHERRY GARDENS,25.5,> 20 km,N/A,N/A
5110,ST KILDA,26.42,> 20 km,N/A,N/A
5245,HAHNDORF,26.62,> 20 km,N/A,N/A
5139,FOREST RANGE,26.67,> 20 km,N/A,N/A
5108,SALISBURY NORTH,26.72,> 20 km,N/A,N/A
5157,CLARENDON,26.78,> 20 km,N/A,N/A
5018,OUTER HARBOR,26.86,> 20 km,N/A,N/A
5018,NORTH HAVEN,26.86,> 20 km,N/A,N/A
5163,ONKAPARINGA HILLS,26.94,> 20 km,N/A,N/A
5131,UPPER HERMITAGE,27.17,> 20 km,N/A,N/A
5112,ELIZABETH VALE,27.41,> 20 km,N/A,N/A
5110,BURTON,27.43,> 20 km,N/A,N/A
5168,NOARLUNGA CENTRE,27.62,> 20 km,N/A,N/A
5094,DRY CREEK,27.63,> 20 km,N/A,N/A
5112,ELIZABETH SOUTH,27.84,> 20 km,N/A,N/A
5166,O'SULLIVAN BEACH,27.88,> 20 km,N/A,N/A
5245,PAECHTOWN,28.55,> 20 km,N/A,N/A
5165,CHRISTIES BEACH,28.59,> 20 km,N/A,N/A
5112,ELIZABETH GROVE,28.61,> 20 km,N/A,N/A
5110,WATERLOO CORNER,28.66,> 20 km,N/A,N/A
5110,DIREK,29.02,> 20 km,N/A,N/A
5240,LENSWOOD,29.02,> 20 km,N/A,N/A
5163,HACKHAM WEST,29.06,> 20 km,N/A,N/A
5242,BALHANNAH,29.49,> 20 km,N/A,N/A
5164,CHRISTIE DOWNS,29.82,> 20 km,N/A,N/A
5112,ELIZABETH,29.92,> 20 km,N/A,N/A
5231,MILLBROOK,29.99,> 20 km,N/A,N/A
5133,INGLEWOOD,30.43,> 20 km,N/A,N/A
5163,HUNTFIELD HEIGHTS,30.48,> 20 km,N/A,N/A
5163,HACKHAM,30.73,> 20 km,N/A,N/A
5112,ELIZABETH EAST,30.75,> 20 km,N/A,N/A
5112,HILLBANK,30.97,> 20 km,N/A,N/A
5167,PORT NOARLUNGA,31.5,> 20 km,N/A,N/A
5167,PORT NOARLUNGA SOUTH,31.5,> 20 km,N/A,N/A
5168,NOARLUNGA DOWNS,32.07,> 20 km,N/A,N/A
5114,GOULD CREEK,32.13,> 20 km,N/A,N/A
5157,KANGARILLA,32.33,> 20 km,N/A,N/A
5168,OLD NOARLUNGA,32.51,> 20 km,N/A,N/A
5243,OAKBANK,32.56,> 20 km,N/A,N/A
5120,VIRGINIA,32.63,> 20 km,N/A,N/A
5232,CUDLEE CREEK,32.78,> 20 km,N/A,N/A
5153,BIGGS FLAT,32.85,> 20 km,N/A,N/A
5114,ONE TREE HILL,33.09,> 20 km,N/A,N/A
5251,MOUNT BARKER,33.15,> 20 km,N/A,N/A
5231,CHAIN OF PONDS,33.32,> 20 km,N/A,N/A
5250,LITTLEHAMPTON,33.38,> 20 km,N/A,N/A
5250,TOTNESS,33.56,> 20 km,N/A,N/A
5241,LOBETHAL,33.6,> 20 km,N/A,N/A
5157,DORSET VALE,33.64,> 20 km,N/A,N/A
5153,CHAPEL HILL,33.97,> 20 km,N/A,N/A
5169,SEAFORD HEIGHTS,34.2,> 20 km,N/A,N/A
5169,SEAFORD,34.21,> 20 km,N/A,N/A
5169,SEAFORD MEADOWS,34.26,> 20 km,N/A,N/A
5114,SAMPSON FLAT,34.58,> 20 km,N/A,N/A
5153,ECHUNGA,34.88,> 20 km,N/A,N/A
5121,PENFIELD,35.38,> 20 km,N/A,N/A
5169,SEAFORD RISE,35.43,> 20 km,N/A,N/A
5244,WOODSIDE,35.93,> 20 km,N/A,N/A
5250,BLAKISTON,36.03,> 20 km,N/A,N/A
5120,BUCKLAND PARK,36.06,> 20 km,N/A,N/A
5251,MOUNT BARKER JUNCTION,36.21,> 20 km,N/A,N/A
5121,MACDONALD PARK,36.42,> 20 km,N/A,N/A
5171,BLEWITT SPRINGS,36.59,> 20 km,N/A,N/A
5231,KERSBROOK,36.94,> 20 km,N/A,N/A
5121,EYRE,37.76,> 20 km,N/A,N/A
5233,GUMERACHA,37.78,> 20 km,N/A,N/A
5169,MOANA,38.17,> 20 km,N/A,N/A
5153,JUPITER CREEK,38.19,> 20 km,N/A,N/A
5120,RIVERLEA PARK,38.31,> 20 km,N/A,N/A
5251,WISTOW,38.53,> 20 km,N/A,N/A
5113,EDINBURGH NORTH,38.95,> 20 km,N/A,N/A
5252,NAIRNE,39.0,> 20 km,N/A,N/A
5251,MOUNT BARKER SPRINGS,39.14,> 20 km,N/A,N/A
5170,MASLIN BEACH,39.16,> 20 km,N/A,N/A
5114,HUMBUG SCRUB,39.21,> 20 km,N/A,N/A
5113,DAVOREN PARK,39.51,> 20 km,N/A,N/A
5171,TATACHILLA,39.59,> 20 km,N/A,N/A
5171,MCLAREN VALE,39.62,> 20 km,N/A,N/A
5114,YATTALUNGA,39.8,> 20 km,N/A,N/A
5113,ELIZABETH NORTH,40.15,> 20 km,N/A,N/A
5121,PENFIELD GARDENS,40.16,> 20 km,N/A,N/A
5117,ANGLE VALE,40.16,> 20 km,N/A,N/A
5115,MUNNO PARA WEST,40.27,> 20 km,N/A,N/A
5114,ANDREWS FARM,40.65,> 20 km,N/A,N/A
5233,FORRESTON,40.65,> 20 km,N/A,N/A
5244,CHARLESTON,40.75,> 20 km,N/A,N/A
5113,ELIZABETH PARK,40.96,> 20 km,N/A,N/A
5114,SMITHFIELD PLAINS,41.28,> 20 km,N/A,N/A
5153,FLAXLEY,41.59,> 20 km,N/A,N/A
5501,PORT GAWLER,41.64,> 20 km,N/A,N/A
5113,ELIZABETH DOWNS,41.97,> 20 km,N/A,N/A
5111,EDINBURGH,42.04,> 20 km,N/A,N/A
5252,HAY VALLEY,42.26,> 20 km,N/A,N/A
5251,BUGLE RANGES,42.42,> 20 km,N/A,N/A
5173,ALDINGA,42.48,> 20 km,N/A,N/A
5251,MOUNT BARKER SUMMIT,42.59,> 20 km,N/A,N/A
5114,SMITHFIELD,42.6,> 20 km,N/A,N/A
5115,MUNNO PARA DOWNS,42.89,> 20 km,N/A,N/A
5252,DAWESLEY,42.89,> 20 km,N/A,N/A
5114,CRAIGMORE,42.95,> 20 km,N/A,N/A
5118,GAWLER RIVER,43.1,> 20 km,N/A,N/A
5501,TWO WELLS,43.42,> 20 km,N/A,N/A
5116,HILLIER,43.78,> 20 km,N/A,N/A
5114,BLAKEVIEW,43.99,> 20 km,N/A,N/A
5201,KUITPO,44.04,> 20 km,N/A,N/A
5172,WHITES VALLEY,44.51,> 20 km,N/A,N/A
5171,MCLAREN FLAT,44.52,> 20 km,N/A,N/A
5173,PORT WILLUNGA,44.65,> 20 km,N/A,N/A
5501,LEWISTON,44.7,> 20 km,N/A,N/A
5201,MEADOWS,45.15,> 20 km,N/A,N/A
5255,HIGHLAND VALLEY,45.5,> 20 km,N/A,N/A
5115,KUDLA,45.51,> 20 km,N/A,N/A
5252,BRUKUNGA,45.55,> 20 km,N/A,N/A
5172,WILLUNGA,45.76,> 20 km,N/A,N/A
5173,ALDINGA BEACH,46.23,> 20 km,N/A,N/A
5153,MACCLESFIELD,46.24,> 20 km,N/A,N/A
5116,EVANSTON GARDENS,46.52,> 20 km,N/A,N/A
5153,GREEN HILLS RANGE,46.53,> 20 km,N/A,N/A
5254,PETWOOD,46.91,> 20 km,N/A,N/A
5172,WILLUNGA SOUTH,46.96,> 20 km,N/A,N/A
5252,ST IVES,47.11,> 20 km,N/A,N/A
5255,GEMMELLS,47.44,> 20 km,N/A,N/A
5118,BUCHFELDE,47.92,> 20 km,N/A,N/A
5244,MOUNT TORRENS,48.14,> 20 km,N/A,N/A
5115,MUNNO PARA,48.22,> 20 km,N/A,N/A
5116,EVANSTON,48.35,> 20 km,N/A,N/A
5255,RED CREEK,48.48,> 20 km,N/A,N/A
5172,THE RANGE,48.55,> 20 km,N/A,N/A
5351,BAROSSA GOLDFIELDS,48.68,> 20 km,N/A,N/A
5233,KENTON VALLEY,48.71,> 20 km,N/A,N/A
5118,WARD BELT,48.81,> 20 km,N/A,N/A
5174,SELLICKS HILL,49.02,> 20 km,N/A,N/A
5244,HARROGATE,49.19,> 20 km,N/A,N/A
5116,EVANSTON SOUTH,49.3,> 20 km,N/A,N/A
5116,EVANSTON PARK,49.47,> 20 km,N/A,N/A
5118,REID,49.88,> 20 km,N/A,N/A
5201,PARIS CREEK,50.05,> 20 km,N/A,N/A
5501,MIDDLE BEACH,50.51,> 20 km,N/A,N/A
5118,GAWLER WEST,50.56,> 20 km,N/A,N/A
5174,SELLICKS BEACH,50.69,> 20 km,N/A,N/A
5201,PROSPECT HILL,50.86,> 20 km,N/A,N/A
5502,KORUNYE,51.09,> 20 km,N/A,N/A
5172,WILLUNGA HILL,51.1,> 20 km,N/A,N/A
5118,GAWLER SOUTH,51.29,> 20 km,N/A,N/A
5351,WILLIAMSTOWN,51.72,> 20 km,N/A,N/A
5118,WILLASTON,51.77,> 20 km,N/A,N/A
5501,LOWER LIGHT,51.97,> 20 km,N/A,N/A
5114,ULEYBURY,52.05,> 20 km,N/A,N/A
5157,BULL CREEK,52.61,> 20 km,N/A,N/A
5118,BIBARINGA,52.66,> 20 km,N/A,N/A
5351,MOUNT CRAWFORD,52.76,> 20 km,N/A,N/A
5118,KANGAROO FLAT,53.32,> 20 km,N/A,N/A
5118,GAWLER,53.39,> 20 km,N/A,N/A
5118,GAWLER BELT,53.59,> 20 km,N/A,N/A
5118,HEWETT,53.95,> 20 km,N/A,N/A
5172,HOPE FOREST,54.27,> 20 km,N/A,N/A
5254,CALLINGTON,54.37,> 20 km,N/A,N/A
5118,GAWLER EAST,54.65,> 20 km,N/A,N/A
5172,MONTARRA,54.98,> 20 km,N/A,N/A
5234,BIRDWOOD,54.98,> 20 km,N/A,N/A
5172,PAGES FLAT,55.13,> 20 km,N/A,N/A
5255,SALEM,55.28,> 20 km,N/A,N/A
5255,STRATHALBYN,55.51,> 20 km,N/A,N/A
5118,KALBEEBA,56.26,> 20 km,N/A,N/A
5201,BLACKFELLOWS CREEK,56.71,> 20 km,N/A,N/A
5172,DINGABLEDINGA,56.77,> 20 km,N/A,N/A
5172,YUNDI,57.11,> 20 km,N/A,N/A
5502,REEVES PLAINS,57.33,> 20 km,N/A,N/A
5371,ROSEWORTHY,57.58,> 20 km,N/A,N/A
5502,REDBANKS,58.02,> 20 km,N/A,N/A
5202,MYPONGA,58.28,> 20 km,N/A,N/A
5157,MCHARG CREEK,58.56,> 20 km,N/A,N/A
5210,MOUNT COMPASS,58.64,> 20 km,N/A,N/A
5157,ASHBOURNE,58.86,> 20 km,N/A,N/A
5255,WILLYAROO,58.92,> 20 km,N/A,N/A
5255,HARTLEY,59.14,> 20 km,N/A,N/A
5118,KINGSFORD,59.35,> 20 km,N/A,N/A
5118,CONCORDIA,59.73,> 20 km,N/A,N/A
5502,MALLALA,59.9,> 20 km,N/A,N/A
5252,KANMANTOO,60.51,> 20 km,N/A,N/A
5172,KYEEMA,60.65,> 20 km,N/A,N/A
5235,CROMER,60.84,> 20 km,N/A,N/A
5236,TUNGKILLO,61.71,> 20 km,N/A,N/A
5502,FISCHER,61.86,> 20 km,N/A,N/A
5255,BELVIDERE,62.1,> 20 km,N/A,N/A
5371,SHEA-OAK LOG,62.51,> 20 km,N/A,N/A
5400,WOOLSHEDS,62.53,> 20 km,N/A,N/A
5210,NANGKITA,62.92,> 20 km,N/A,N/A
5351,COCKATOO VALLEY,63.73,> 20 km,N/A,N/A
5255,SANDERGROVE,63.82,> 20 km,N/A,N/A
5172,KUITPO COLONY,64.01,> 20 km,N/A,N/A
5255,WOODCHESTER,64.12,> 20 km,N/A,N/A
5351,PEWSEY VALE,64.28,> 20 km,N/A,N/A
5501,DUBLIN,64.31,> 20 km,N/A,N/A
5371,TEMPLERS,64.62,> 20 km,N/A,N/A
5210,MOUNT MAGNIFICENT,65.03,> 20 km,N/A,N/A
5211,MOUNT JAGGED,65.2,> 20 km,N/A,N/A
5255,ANGAS PLAINS,65.31,> 20 km,N/A,N/A
5235,MOUNT PLEASANT,66.75,> 20 km,N/A,N/A
5202,MYPONGA BEACH,66.78,> 20 km,N/A,N/A
5256,NURRAGI,66.8,> 20 km,N/A,N/A
5400,PINKERTON PLAINS,66.81,> 20 km,N/A,N/A
5351,LYNDOCH,66.91,> 20 km,N/A,N/A
5203,WATTLE FLAT,67.13,> 20 km,N/A,N/A
5350,ROSEDALE,67.62,> 20 km,N/A,N/A
5501,WINDSOR,67.69,> 20 km,N/A,N/A
5214,MOSQUITO HILL,67.73,> 20 km,N/A,N/A
5254,MONARTO SOUTH,68.0,> 20 km,N/A,N/A
5254,MONARTO,68.44,> 20 km,N/A,N/A
5255,TOOPERANG,68.44,> 20 km,N/A,N/A
5355,DAVEYSTON,68.85,> 20 km,N/A,N/A
5502,GRACE PLAINS,69.5,> 20 km,N/A,N/A
5351,ALTONA,69.54,> 20 km,N/A,N/A
5352,GOMERSAL,69.92,> 20 km,N/A,N/A
5255,BLETCHLEY,70.09,> 20 km,N/A,N/A
5202,HINDMARSH TIERS,70.24,> 20 km,N/A,N/A
5372,FREELING,70.52,> 20 km,N/A,N/A
5400,WASLEYS,70.67,> 20 km,N/A,N/A
5254,WHITE HILL,71.15,> 20 km,N/A,N/A
5350,SANDY CREEK,71.3,> 20 km,N/A,N/A
5400,MAGDALA,71.56,> 20 km,N/A,N/A
5371,MORN HILL,71.89,> 20 km,N/A,N/A
5203,YANKALILLA,72.01,> 20 km,N/A,N/A
5237,PALMER,72.31,> 20 km,N/A,N/A
5460,BARABBA,72.38,> 20 km,N/A,N/A
5501,CALOMBA,72.69,> 20 km,N/A,N/A
5255,FINNISS,72.98,> 20 km,N/A,N/A
5501,THOMPSON BEACH,73.2,> 20 km,N/A,N/A
5501,LONG PLAINS,73.35,> 20 km,N/A,N/A
5254,ROCKLEIGH,73.37,> 20 km,N/A,N/A
5253,GIFFORD HILL,73.38,> 20 km,N/A,N/A
5501,PARHAM,73.48,> 20 km,N/A,N/A
5204,CARRICKALINGA,73.65,> 20 km,N/A,N/A
5501,WEBB BEACH,74.38,> 20 km,N/A,N/A
5256,MILANG,74.51,> 20 km,N/A,N/A
5360,GREENOCK,74.54,> 20 km,N/A,N/A
5355,SEPPELTSFIELD,75.0,> 20 km,N/A,N/A
5211,INMAN VALLEY,75.01,> 20 km,N/A,N/A
5410,LINWOOD,75.19,> 20 km,N/A,N/A
5254,PALLAMANA,75.24,> 20 km,N/A,N/A
5352,TANUNDA,75.33,> 20 km,N/A,N/A
5235,SPRINGTON,75.39,> 20 km,N/A,N/A
5253,MURRAY BRIDGE,75.44,> 20 km,N/A,N/A
5373,FORDS,75.85,> 20 km,N/A,N/A
5204,NORMANVILLE,75.92,> 20 km,N/A,N/A
5360,NAIN,76.03,> 20 km,N/A,N/A
5212,PORT ELLIOT,76.29,> 20 km,N/A,N/A
5501,WILD HORSE PLAINS,76.39,> 20 km,N/A,N/A
5352,BETHANY,76.5,> 20 km,N/A,N/A
5355,MARANANGA,76.6,> 20 km,N/A,N/A
5255,LANGHORNE CREEK,76.65,> 20 km,N/A,N/A
5254,ROCKY GULLY,76.94,> 20 km,N/A,N/A
5460,PINERY,76.99,> 20 km,N/A,N/A
5253,SWANPORT,77.05,> 20 km,N/A,N/A
5352,STONE WELL,77.16,> 20 km,N/A,N/A
5203,BALD HILLS,77.23,> 20 km,N/A,N/A
5253,NORTHERN HEIGHTS,77.41,> 20 km,N/A,N/A
5214,CURRENCY CREEK,77.6,> 20 km,N/A,N/A
5235,TAUNTON,77.76,> 20 km,N/A,N/A
5253,MURRAY BRIDGE SOUTH,77.88,> 20 km,N/A,N/A
5253,MURRAY BRIDGE NORTH,78.06,> 20 km,N/A,N/A
5211,HINDMARSH VALLEY,78.56,> 20 km,N/A,N/A
5255,MOUNT OBSERVATION,78.85,> 20 km,N/A,N/A
5253,MOBILONG,78.88,> 20 km,N/A,N/A
5352,KRONDORF,79.09,> 20 km,N/A,N/A
5352,ROWLAND FLAT,79.19,> 20 km,N/A,N/A
5253,RIVERGLEN,79.34,> 20 km,N/A,N/A
5355,MOPPA,79.55,> 20 km,N/A,N/A
5213,MIDDLETON,79.6,> 20 km,N/A,N/A
5237,APAMURRA,79.82,> 20 km,N/A,N/A
5401,HAMLEY BRIDGE,79.82,> 20 km,N/A,N/A
5203,TORRENS VALE,80.0,> 20 km,N/A,N/A
5355,NURIOOTPA,80.34,> 20 km,N/A,N/A
5352,VINE VALE,80.38,> 20 km,N/A,N/A
5211,MCCRACKEN,80.38,> 20 km,N/A,N/A
5211,HAYBOROUGH,80.44,> 20 km,N/A,N/A
5235,EDEN VALLEY,80.56,> 20 km,N/A,N/A
5410,STOCKPORT,81.12,> 20 km,N/A,N/A
5204,HAY FLAT,81.12,> 20 km,N/A,N/A
5253,WHITE SANDS,81.16,> 20 km,N/A,N/A
5211,CHITON,81.22,> 20 km,N/A,N/A
5214,GOOLWA,81.88,> 20 km,N/A,N/A
5237,MILENDELLA,82.0,> 20 km,N/A,N/A
5211,LOWER INMAN VALLEY,82.36,> 20 km,N/A,N/A
5238,FRAYVILLE,82.37,> 20 km,N/A,N/A
5253,TOORA,82.59,> 20 km,N/A,N/A
5253,LONG FLAT,82.73,> 20 km,N/A,N/A
5211,VICTOR HARBOR,82.95,> 20 km,N/A,N/A
5253,MONTEITH,83.81,> 20 km,N/A,N/A
5373,BETHEL,84.02,> 20 km,N/A,N/A
5214,GOOLWA BEACH,84.06,> 20 km,N/A,N/A
5355,LIGHT PASS,84.19,> 20 km,N/A,N/A
5253,MURRAY BRIDGE EAST,84.33,> 20 km,N/A,N/A
5214,GOOLWA SOUTH,84.43,> 20 km,N/A,N/A
5373,KAPUNDA,84.46,> 20 km,N/A,N/A
5460,OWEN,84.49,> 20 km,N/A,N/A
5253,BRINKLEY,84.58,> 20 km,N/A,N/A
5214,GOOLWA NORTH,84.64,> 20 km,N/A,N/A
5237,SANDERSTON,84.77,> 20 km,N/A,N/A
5355,EBENEZER,85.0,> 20 km,N/A,N/A
5211,ENCOUNTER BAY,85.33,> 20 km,N/A,N/A
5254,TEPKO,85.82,> 20 km,N/A,N/A
5256,CLAYTON BAY,86.14,> 20 km,N/A,N/A
5211,WAITPINGA,86.47,> 20 km,N/A,N/A
5373,ST JOHNS,86.57,> 20 km,N/A,N/A
5253,RIVERGLADES,86.59,> 20 km,N/A,N/A
5255,MULGUNDAWA,86.67,> 20 km,N/A,N/A
5255,LAKE PLAINS,86.81,> 20 km,N/A,N/A
5353,PENRICE,86.89,> 20 km,N/A,N/A
5355,STOCKWELL,86.95,> 20 km,N/A,N/A
5550,INKERMAN,87.2,> 20 km,N/A,N/A
5203,PARAWA,87.28,> 20 km,N/A,N/A
5204,WIRRINA COVE,87.78,> 20 km,N/A,N/A
5253,AVOCA DELL,87.86,> 20 km,N/A,N/A
5211,WILLOW CREEK,87.92,> 20 km,N/A,N/A
5256,POINT STURT,88.02,> 20 km,N/A,N/A
5461,HOSKIN CORNER,88.26,> 20 km,N/A,N/A
5253,WOODS POINT,88.32,> 20 km,N/A,N/A
5256,TOLDEROL,88.47,> 20 km,N/A,N/A
5254,CALOOTE,88.57,> 20 km,N/A,N/A
5353,ANGASTON,88.59,> 20 km,N/A,N/A
5411,TARLEE,88.61,> 20 km,N/A,N/A
5254,ZADOWS LANDING,88.86,> 20 km,N/A,N/A
5204,SECOND VALLEY,89.02,> 20 km,N/A,N/A
5460,STOCKYARD CREEK,89.07,> 20 km,N/A,N/A
5501,AVON,90.15,> 20 km,N/A,N/A
5254,WALL FLAT,90.17,> 20 km,N/A,N/A
5254,WOODLANE,90.48,> 20 km,N/A,N/A
5373,KOONUNGA,91.09,> 20 km,N/A,N/A
5373,ALLENDALE NORTH,91.2,> 20 km,N/A,N/A
5461,ERITH,91.47,> 20 km,N/A,N/A
5214,HINDMARSH ISLAND,91.55,> 20 km,N/A,N/A
5211,BACK VALLEY,91.87,> 20 km,N/A,N/A
5401,ALMA,92.37,> 20 km,N/A,N/A
5550,PROOF RANGE,92.58,> 20 km,N/A,N/A
5254,MYPOLONGA,92.59,> 20 km,N/A,N/A
5238,ANGAS VALLEY,92.7,> 20 km,N/A,N/A
5373,BAGOT WELL,92.83,> 20 km,N/A,N/A
5253,SUNNYSIDE,93.23,> 20 km,N/A,N/A
5253,WILLOW BANKS,93.86,> 20 km,N/A,N/A
5253,BURDETT,93.87,> 20 km,N/A,N/A
5253,GREENBANKS,94.44,> 20 km,N/A,N/A
5461,DALKEY,94.63,> 20 km,N/A,N/A
5353,MOCULTA,94.65,> 20 km,N/A,N/A
5204,DELAMERE,94.96,> 20 km,N/A,N/A
5253,MURRAWONG,95.37,> 20 km,N/A,N/A
5411,GILES CORNER,95.43,> 20 km,N/A,N/A
5259,JERVOIS,95.59,> 20 km,N/A,N/A
5461,BALAKLAVA,96.07,> 20 km,N/A,N/A
5259,KEPA,96.08,> 20 km,N/A,N/A
5260,TAILEM BEND,96.27,> 20 km,N/A,N/A
5203,TUNKALILLA,97.09,> 20 km,N/A,N/A
5235,FLAXMAN VALLEY,97.45,> 20 km,N/A,N/A
5353,MOUNT MCKENZIE,97.57,> 20 km,N/A,N/A
5214,MUNDOO ISLAND,97.84,> 20 km,N/A,N/A
5255,NALPA,98.86,> 20 km,N/A,N/A
5204,RAPID BAY,98.94,> 20 km,N/A,N/A
5353,KEYNETON,99.12,> 20 km,N/A,N/A
5238,PORT MANNUM,99.48,> 20 km,N/A,N/A
5356,ST KITTS,99.95,> 20 km,N/A,N/A
5353,CAMBRAI,99.97,> 20 km,N/A,N/A
5401,SALTER SPRINGS,99.98,> 20 km,N/A,N/A
5238,MANNUM,100.1,> 20 km,N/A,N/A
5356,DUTTON,100.56,> 20 km,N/A,N/A
5550,KALLORA,100.77,> 20 km,N/A,N/A
5204,SILVERTON,101.29,> 20 km,N/A,N/A
5550,PORT WAKEFIELD,101.72,> 20 km,N/A,N/A
5204,DEEP CREEK,102.07,> 20 km,N/A,N/A
5412,RIVERTON,102.3,> 20 km,N/A,N/A
5373,HAMILTON,102.44,> 20 km,N/A,N/A
5461,SAINTS,103.55,> 20 km,N/A,N/A
5259,WELLINGTON,103.7,> 20 km,N/A,N/A
5238,POMPOOTA,104.29,> 20 km,N/A,N/A
5461,WHITWARTA,104.62,> 20 km,N/A,N/A
5412,RHYNIE,104.68,> 20 km,N/A,N/A
5461,WATCHMAN,105.17,> 20 km,N/A,N/A
5238,PONDE,105.33,> 20 km,N/A,N/A
5374,BUCHANAN,105.44,> 20 km,N/A,N/A
5204,CAPE JERVIS,105.68,> 20 km,N/A,N/A
5356,TRURO,106.08,> 20 km,N/A,N/A
5461,HALBURY,106.64,> 20 km,N/A,N/A
5259,WELLINGTON EAST,107.01,> 20 km,N/A,N/A
5238,PUNTHARI,108.2,> 20 km,N/A,N/A
5238,PELLARING FLAT,109.86,> 20 km,N/A,N/A
5253,CHAPMAN BORE,110.11,> 20 km,N/A,N/A
5413,MARRABEL,110.63,> 20 km,N/A,N/A
5374,EUDUNDA,110.67,> 20 km,N/A,N/A
5550,BOWMANS,111.02,> 20 km,N/A,N/A
5412,WOOLSHED FLAT,111.02,> 20 km,N/A,N/A
5356,DUTTON EAST,111.59,> 20 km,N/A,N/A
5413,SADDLEWORTH,111.68,> 20 km,N/A,N/A
5238,COWIRRA,111.71,> 20 km,N/A,N/A
5260,ELWOMPLE,111.77,> 20 km,N/A,N/A
5259,NATURI,111.98,> 20 km,N/A,N/A
5353,BLACK HILL,112.08,> 20 km,N/A,N/A
5253,ETTRICK,112.34,> 20 km,N/A,N/A
5374,HANSBOROUGH,112.41,> 20 km,N/A,N/A
5238,BOLTO,112.61,> 20 km,N/A,N/A
5461,STOW,112.74,> 20 km,N/A,N/A
5550,BEAUFORT,112.83,> 20 km,N/A,N/A
5453,HOYLETON,113.03,> 20 km,N/A,N/A
5451,UNDALYA,113.26,> 20 km,N/A,N/A
5261,COOKE PLAINS,114.14,> 20 km,N/A,N/A
5353,TOWITTA,114.42,> 20 km,N/A,N/A
5374,FRANKTON,114.9,> 20 km,N/A,N/A
5461,MOUNT TEMPLETON,115.28,> 20 km,N/A,N/A
5238,FRAHNS,116.08,> 20 km,N/A,N/A
5552,PORT ARTHUR,116.41,> 20 km,N/A,N/A
5356,STEINFELD,116.83,> 20 km,N/A,N/A
5238,ROCKY POINT,117.21,> 20 km,N/A,N/A
5238,WALKER FLAT,117.32,> 20 km,N/A,N/A
5353,SEDAN,117.37,> 20 km,N/A,N/A
5413,TARNMA,117.69,> 20 km,N/A,N/A
5374,NEALES FLAT,118.11,> 20 km,N/A,N/A
5374,PEEP HILL,118.49,> 20 km,N/A,N/A
5413,TOTHILL CREEK,118.51,> 20 km,N/A,N/A
5374,HAMPDEN,118.61,> 20 km,N/A,N/A
5451,AUBURN,118.64,> 20 km,N/A,N/A
5356,ANNADALE,118.93,> 20 km,N/A,N/A
5461,BOWILLIA,119.22,> 20 km,N/A,N/A
5374,JULIA,119.31,> 20 km,N/A,N/A
5461,EVERARD CENTRAL,120.03,> 20 km,N/A,N/A
5461,GOYDER,120.12,> 20 km,N/A,N/A
5413,STEELTON,120.25,> 20 km,N/A,N/A
5552,KULPARA,120.28,> 20 km,N/A,N/A
5238,FIVE MILES,120.33,> 20 km,N/A,N/A
5238,WONGULLA,120.76,> 20 km,N/A,N/A
5550,SOUTH HUMMOCKS,121.19,> 20 km,N/A,N/A
5301,MOORLANDS,121.46,> 20 km,N/A,N/A
5550,NANTAWARRA,122.23,> 20 km,N/A,N/A
5414,MANOORA,122.29,> 20 km,N/A,N/A
5374,POINT PASS,122.48,> 20 km,N/A,N/A
5374,BROWNLOW,122.78,> 20 km,N/A,N/A
5374,AUSTRALIA PLAINS,124.59,> 20 km,N/A,N/A
5374,SUTHERLANDS,125.12,> 20 km,N/A,N/A
5374,NGAPALA,125.25,> 20 km,N/A,N/A
5452,LEASINGHAM,125.29,> 20 km,N/A,N/A
5453,KYBUNGA,125.68,> 20 km,N/A,N/A
5222,PENNESHAW,126.01,> 20 km,N/A,N/A
5356,SANDLETON,126.18,> 20 km,N/A,N/A
5552,MELTON,126.28,> 20 km,N/A,N/A
5238,LAKE CARLET,126.74,> 20 km,N/A,N/A
5570,CLINTON,126.94,> 20 km,N/A,N/A
5238,OLD TEAL FLAT,127.01,> 20 km,N/A,N/A
5413,WATERLOO,127.26,> 20 km,N/A,N/A
5413,TOTHILL BELT,127.79,> 20 km,N/A,N/A
5452,WATERVALE,127.79,> 20 km,N/A,N/A
5238,CAURNAMONT,128.68,> 20 km,N/A,N/A
5238,BOWHILL,129.25,> 20 km,N/A,N/A
5353,SUNNYDALE,129.34,> 20 km,N/A,N/A
5222,KANGAROO HEAD,129.7,> 20 km,N/A,N/A
5261,COOMANDOOK,130.03,> 20 km,N/A,N/A
5306,WYNARKA,130.49,> 20 km,N/A,N/A
5560,NINNES,130.54,> 20 km,N/A,N/A
5353,LANGS LANDING,130.58,> 20 km,N/A,N/A
5301,SHERLOCK,130.68,> 20 km,N/A,N/A
5353,PUNYELROO,130.74,> 20 km,N/A,N/A
5238,TEAL FLAT,131.1,> 20 km,N/A,N/A
5259,LAKE ALEXANDRINA,131.43,> 20 km,N/A,N/A
5259,MALINONG,131.68,> 20 km,N/A,N/A
5238,YOUNGHUSBAND,131.74,> 20 km,N/A,N/A
5510,LOCHIEL,131.79,> 20 km,N/A,N/A
5413,BLACK SPRINGS,132.22,> 20 km,N/A,N/A
5453,PENWORTHAM,132.42,> 20 km,N/A,N/A
5381,ROBERTSTOWN,132.85,> 20 km,N/A,N/A
5552,PASKEVILLE,133.13,> 20 km,N/A,N/A
5222,IRONSTONE,133.68,> 20 km,N/A,N/A
5381,ROCKY PLAIN,134.29,> 20 km,N/A,N/A
5222,AMERICAN BEACH,134.3,> 20 km,N/A,N/A
5462,BLYTH,134.82,> 20 km,N/A,N/A
5415,MINTARO,135.49,> 20 km,N/A,N/A
5552,KAINTON,135.5,> 20 km,N/A,N/A
5238,YOUNGHUSBAND HOLDINGS,135.58,> 20 km,N/A,N/A
5570,PRICE,135.64,> 20 km,N/A,N/A
5415,STANLEY,135.73,> 20 km,N/A,N/A
5453,SEVENHILL,136.08,> 20 km,N/A,N/A
5453,SPRING GULLY,136.08,> 20 km,N/A,N/A
5238,JULANKA HOLDINGS,136.15,> 20 km,N/A,N/A
5222,BAUDIN BEACH,136.3,> 20 km,N/A,N/A
5222,CUTTLEFISH BAY,136.32,> 20 km,N/A,N/A
5238,PURNONG,136.36,> 20 km,N/A,N/A
5261,YUMALI,136.98,> 20 km,N/A,N/A
5259,ASHVILLE,137.19,> 20 km,N/A,N/A
5381,BRADY CREEK,137.26,> 20 km,N/A,N/A
5259,POLTALLOCH,137.42,> 20 km,N/A,N/A
5308,PERPONDA,137.43,> 20 km,N/A,N/A
5374,BOWER,137.85,> 20 km,N/A,N/A
5453,BOCONNOC PARK,137.87,> 20 km,N/A,N/A
5520,BUMBUNGA,137.95,> 20 km,N/A,N/A
5570,CLINTON CENTRE,137.99,> 20 km,N/A,N/A
5453,EMU FLAT,138.13,> 20 km,N/A,N/A
5222,DUDLEY WEST,138.27,> 20 km,N/A,N/A
5222,BROWN BEACH,138.42,> 20 km,N/A,N/A
5453,GILLENTOWN,138.62,> 20 km,N/A,N/A
5381,GERANIUM PLAINS,138.79,> 20 km,N/A,N/A
5222,DUDLEY EAST,139.28,> 20 km,N/A,N/A
5357,BLANCHETOWN,140.59,> 20 km,N/A,N/A
5453,POLISH HILL RIVER,140.73,> 20 km,N/A,N/A
5554,THOMAS PLAIN,141.24,> 20 km,N/A,N/A
5413,APOINGA,141.29,> 20 km,N/A,N/A
5453,CLARE,142.31,> 20 km,N/A,N/A
5357,PAISLEY,142.44,> 20 km,N/A,N/A
5560,BUTE,142.44,> 20 km,N/A,N/A
5552,THRINGTON,142.56,> 20 km,N/A,N/A
5453,ARMAGH,142.81,> 20 km,N/A,N/A
5570,WINULTA,142.94,> 20 km,N/A,N/A
5222,ISLAND BEACH,143.55,> 20 km,N/A,N/A
5552,SUNNYVALE,143.74,> 20 km,N/A,N/A
5453,SPRING FARM,144.44,> 20 km,N/A,N/A
5238,CLAYPANS,144.59,> 20 km,N/A,N/A
5261,KI KI,144.66,> 20 km,N/A,N/A
5381,EMU DOWNS,145.07,> 20 km,N/A,N/A
5464,HART,145.4,> 20 km,N/A,N/A
5222,SAPPHIRETOWN,145.41,> 20 km,N/A,N/A
5264,WALTOWA,145.54,> 20 km,N/A,N/A
5301,PEAKE,145.59,> 20 km,N/A,N/A
5222,ANTECHAMBER BAY,145.66,> 20 km,N/A,N/A
5374,MOUNT MARY,145.7,> 20 km,N/A,N/A
5381,BRIGHT,145.77,> 20 km,N/A,N/A
5222,PORKY FLAT,146.01,> 20 km,N/A,N/A
5307,KAROONDA,146.03,> 20 km,N/A,N/A
5416,PORTER LAGOON,146.68,> 20 km,N/A,N/A
5381,HALLELUJAH HILLS,146.96,> 20 km,N/A,N/A
5354,FISHER,147.13,> 20 km,N/A,N/A
5222,PELICAN LAGOON,147.37,> 20 km,N/A,N/A
5416,FARRELL FLAT,148.09,> 20 km,N/A,N/A
5357,MCBEAN POUND,148.72,> 20 km,N/A,N/A
5264,MENINGIE,148.97,> 20 km,N/A,N/A
5520,BARUNGA GAP,149.06,> 20 km,N/A,N/A
5238,FORSTER,149.34,> 20 km,N/A,N/A
5264,MENINGIE EAST,149.37,> 20 km,N/A,N/A
5571,DOWLINGVILLE,149.72,> 20 km,N/A,N/A
5453,STANLEY FLAT,149.93,> 20 km,N/A,N/A
5453,HILL RIVER,150.46,> 20 km,N/A,N/A
5222,WILLSON RIVER,150.6,> 20 km,N/A,N/A
5520,SNOWTOWN,150.64,> 20 km,N/A,N/A
5417,HANSON,151.17,> 20 km,N/A,N/A
5259,NARRUNG,151.63,> 20 km,N/A,N/A
5417,KOONOONA,151.64,> 20 km,N/A,N/A
5222,WILLOUGHBY,152.48,> 20 km,N/A,N/A
5571,TIDDY WIDDY BEACH,152.59,> 20 km,N/A,N/A
5554,KADINA,152.68,> 20 km,N/A,N/A
5571,ARDROSSAN,152.8,> 20 km,N/A,N/A
5554,JERUSALEM,152.82,> 20 km,N/A,N/A
5554,CUNLIFFE,152.96,> 20 km,N/A,N/A
5554,MATTA FLAT,153.36,> 20 km,N/A,N/A
5464,BRINKWORTH,153.61,> 20 km,N/A,N/A
5453,BENBOURNIE,153.98,> 20 km,N/A,N/A
5554,WALLAROO MINES,154.15,> 20 km,N/A,N/A
5554,NEW TOWN,154.35,> 20 km,N/A,N/A
5554,JERICHO,155.44,> 20 km,N/A,N/A
5381,WORLDS END,155.81,> 20 km,N/A,N/A
5554,BOORS PLAIN,155.96,> 20 km,N/A,N/A
5571,PETERSVILLE,156.53,> 20 km,N/A,N/A
5308,COPEVILLE,156.57,> 20 km,N/A,N/A
5464,BUNGAREE,156.68,> 20 km,N/A,N/A
5554,WILLAMULKA,156.81,> 20 km,N/A,N/A
5320,BEATTY,157.02,> 20 km,N/A,N/A
5301,JABUK,157.08,> 20 km,N/A,N/A
5301,NETHERTON,158.94,> 20 km,N/A,N/A
5221,MUSTON,159.17,> 20 km,N/A,N/A
5320,EBA,159.3,> 20 km,N/A,N/A
5571,CUNNINGHAM,159.35,> 20 km,N/A,N/A
5320,MURBKO,159.37,> 20 km,N/A,N/A
5558,NORTH YELTA,159.38,> 20 km,N/A,N/A
5558,PARAMATTA,160.01,> 20 km,N/A,N/A
5265,COONALPYN,160.15,> 20 km,N/A,N/A
5357,NOTTS WELL,160.16,> 20 km,N/A,N/A
5417,GUM CREEK,160.25,> 20 km,N/A,N/A
5571,ROGUES POINT,160.96,> 20 km,N/A,N/A
5556,WALLAROO,160.99,> 20 km,N/A,N/A
5571,JAMES WELL,161.01,> 20 km,N/A,N/A
5558,CROSS ROADS,161.17,> 20 km,N/A,N/A
5453,BARINIA,161.3,> 20 km,N/A,N/A
5464,ROCHESTER,161.43,> 20 km,N/A,N/A
5238,NILDOTTIE,161.53,> 20 km,N/A,N/A
5558,AGERY,161.67,> 20 km,N/A,N/A
5520,WOKURNA,161.82,> 20 km,N/A,N/A
5572,ARTHURTON,161.9,> 20 km,N/A,N/A
5558,YELTA,161.92,> 20 km,N/A,N/A
5464,ANAMA,161.97,> 20 km,N/A,N/A
5309,BORRIKA,162.24,> 20 km,N/A,N/A
5464,CONDOWIE,162.91,> 20 km,N/A,N/A
5558,MOONTA MINES,163.26,> 20 km,N/A,N/A
5455,HILLTOWN,163.29,> 20 km,N/A,N/A
5573,MAITLAND,163.58,> 20 km,N/A,N/A
5221,AMERICAN RIVER,163.63,> 20 km,N/A,N/A
5558,NORTH MOONTA,163.64,> 20 km,N/A,N/A
5558,MOONTA,163.99,> 20 km,N/A,N/A
5417,BURRA,164.07,> 20 km,N/A,N/A
5558,EAST MOONTA,164.15,> 20 km,N/A,N/A
5320,BUNDEY,164.36,> 20 km,N/A,N/A
5223,HAINES,164.95,> 20 km,N/A,N/A
5556,NORTH BEACH,165.33,> 20 km,N/A,N/A
5223,NEPEAN BAY,165.35,> 20 km,N/A,N/A
5558,HAMLEY,165.64,> 20 km,N/A,N/A
5301,GERANIUM,165.88,> 20 km,N/A,N/A
5558,KOOROONA,166.09,> 20 km,N/A,N/A
5520,BURNSFIELD,166.11,> 20 km,N/A,N/A
5558,MOONTA BAY,166.23,> 20 km,N/A,N/A
5556,WALLAROO PLAIN,166.38,> 20 km,N/A,N/A
5221,BALLAST HEAD,166.9,> 20 km,N/A,N/A
5558,PORT HUGHES,167.63,> 20 km,N/A,N/A
5556,WARBURTO,167.64,> 20 km,N/A,N/A
5555,HOPE GAP,167.89,> 20 km,N/A,N/A
5555,LAKE VIEW,167.93,> 20 km,N/A,N/A
5330,STOCKYARD PLAIN,168.12,> 20 km,N/A,N/A
5464,MAROLA,168.42,> 20 km,N/A,N/A
5264,MENINGIE WEST,168.43,> 20 km,N/A,N/A
5464,KOOLUNGA,168.43,> 20 km,N/A,N/A
5320,MORGAN,168.85,> 20 km,N/A,N/A
5571,PINE POINT,168.97,> 20 km,N/A,N/A
5417,LEIGHTON,169.04,> 20 km,N/A,N/A
5320,MAUDE,169.22,> 20 km,N/A,N/A
5555,COLLINSFIELD,169.4,> 20 km,N/A,N/A
5320,WOMBATS REST,169.74,> 20 km,N/A,N/A
5354,SWAN REACH,169.76,> 20 km,N/A,N/A
5454,EUROMINA,170.9,> 20 km,N/A,N/A
5573,WEETULTA,171.16,> 20 km,N/A,N/A
5555,ALFORD,171.18,> 20 km,N/A,N/A
5571,SANDILANDS,171.28,> 20 km,N/A,N/A
5354,MARKS LANDING,171.38,> 20 km,N/A,N/A
5320,BRENDA PARK,171.74,> 20 km,N/A,N/A
5320,MORPHETTS FLAT,171.89,> 20 km,N/A,N/A
5573,YORKE VALLEY,172.83,> 20 km,N/A,N/A
5522,PORT BROUGHTON,173.0,> 20 km,N/A,N/A
5308,GALGA,173.12,> 20 km,N/A,N/A
5357,NEW WELL,173.41,> 20 km,N/A,N/A
5555,TICKERA,174.09,> 20 km,N/A,N/A
5309,SANDALWOOD,174.29,> 20 km,N/A,N/A
5573,SOUTH KILKERRAN,174.34,> 20 km,N/A,N/A
5238,BIG BEND,174.41,> 20 km,N/A,N/A
5354,BAKARA,174.51,> 20 km,N/A,N/A
5301,PARRAKIE,174.81,> 20 km,N/A,N/A
5307,MARAMA,174.88,> 20 km,N/A,N/A
5558,NALYAPPA,174.94,> 20 km,N/A,N/A
5454,BROUGHTON RIVER VALLEY,174.95,> 20 km,N/A,N/A
5571,BLACK POINT,175.19,> 20 km,N/A,N/A
5522,WARD HILL,175.37,> 20 km,N/A,N/A
5454,ANDREWS,175.57,> 20 km,N/A,N/A
5470,YACKA,175.77,> 20 km,N/A,N/A
5261,CULBURRA,176.24,> 20 km,N/A,N/A
5417,BOOBOROWIE,176.83,> 20 km,N/A,N/A
5223,CYGNET RIVER,177.2,> 20 km,N/A,N/A
5322,RAMCO HEIGHTS,177.26,> 20 km,N/A,N/A
5418,MOUNT BRYAN,177.91,> 20 km,N/A,N/A
5259,LAKE ALBERT,177.99,> 20 km,N/A,N/A
5322,GOLDEN HEIGHTS,178.28,> 20 km,N/A,N/A
5320,BEAUMONTS,178.71,> 20 km,N/A,N/A
5521,REDHILL,179.13,> 20 km,N/A,N/A
5320,NORTH WEST BEND,179.97,> 20 km,N/A,N/A
5417,BALDINA,180.07,> 20 km,N/A,N/A
5223,D'ESTREES BAY,180.18,> 20 km,N/A,N/A
5320,STUART,180.35,> 20 km,N/A,N/A
5265,FIELD,180.51,> 20 km,N/A,N/A
5573,URANIA,180.54,> 20 km,N/A,N/A
5522,FISHERMAN BAY,180.75,> 20 km,N/A,N/A
5580,PORT JULIA,180.78,> 20 km,N/A,N/A
5320,LINDLEY,180.79,> 20 km,N/A,N/A
5322,RAMCO,180.84,> 20 km,N/A,N/A
5321,CADELL,181.13,> 20 km,N/A,N/A
5223,BIRCHMORE,181.28,> 20 km,N/A,N/A
5322,SUNLANDS,181.28,> 20 km,N/A,N/A
5301,CARCUMA,181.68,> 20 km,N/A,N/A
5223,MACGILLIVRAY,182.03,> 20 km,N/A,N/A
5330,WAIKERIE,182.29,> 20 km,N/A,N/A
5308,MERCUNDA,182.29,> 20 km,N/A,N/A
5223,BROWNLOW KI,182.49,> 20 km,N/A,N/A
5573,BALGOWAN,182.75,> 20 km,N/A,N/A
5573,POINT PEARCE,182.88,> 20 km,N/A,N/A
5555,MUNDOORA,183.08,> 20 km,N/A,N/A
5309,HALIDON,183.33,> 20 km,N/A,N/A
5454,SPALDING,183.89,> 20 km,N/A,N/A
5471,GULNARE,184.43,> 20 km,N/A,N/A
5223,KINGSCOTE,185.37,> 20 km,N/A,N/A
5573,PORT VICTORIA,185.73,> 20 km,N/A,N/A
5330,HOLDER,186.12,> 20 km,N/A,N/A
5573,CHINAMAN WELLS,186.34,> 20 km,N/A,N/A
5581,SHEAOAK FLAT,186.37,> 20 km,N/A,N/A
5417,NORTH BOOBOROWIE,186.83,> 20 km,N/A,N/A
5223,KOHINOOR,187.18,> 20 km,N/A,N/A
5264,COORONG,187.19,> 20 km,N/A,N/A
5266,TINTINARA,187.86,> 20 km,N/A,N/A
5330,LOWBANK,188.73,> 20 km,N/A,N/A
5354,BAKARA WELL,188.89,> 20 km,N/A,N/A
5223,BAY OF SHOALS,188.9,> 20 km,N/A,N/A
5322,QUALCO,189.09,> 20 km,N/A,N/A
5308,MANTUNG,189.57,> 20 km,N/A,N/A
5321,CADELL LAGOON,190.06,> 20 km,N/A,N/A
5330,KANNI,190.14,> 20 km,N/A,N/A
5523,MERRITON,190.32,> 20 km,N/A,N/A
5581,PORT VINCENT,190.65,> 20 km,N/A,N/A
5419,WILLALO,190.85,> 20 km,N/A,N/A
5354,NAIDIA,191.33,> 20 km,N/A,N/A
5309,MINDARIE,191.43,> 20 km,N/A,N/A
5580,CURRAMULKA,191.86,> 20 km,N/A,N/A
5223,MENZIES,192.08,> 20 km,N/A,N/A
5223,NORTH CAPE,192.23,> 20 km,N/A,N/A
5573,WAURALTEE,192.7,> 20 km,N/A,N/A
5223,EMU BAY,192.74,> 20 km,N/A,N/A
5523,CLEMENTS GAP,192.8,> 20 km,N/A,N/A
5223,WISANGER,193.95,> 20 km,N/A,N/A
5417,MONGOLATA,194.29,> 20 km,N/A,N/A
5419,HALLETT,194.42,> 20 km,N/A,N/A
5472,GEORGETOWN,194.6,> 20 km,N/A,N/A
5523,NARRIDY,194.8,> 20 km,N/A,N/A
5419,CANOWIE,195.13,> 20 km,N/A,N/A
5523,CRYSTAL BROOK,195.58,> 20 km,N/A,N/A
5330,GOOD HOPE LANDING,196.57,> 20 km,N/A,N/A
5454,HACKLINS CORNER,196.81,> 20 km,N/A,N/A
5330,TAYLORVILLE,197.22,> 20 km,N/A,N/A
5417,BURRA EASTERN DISTRICTS,197.45,> 20 km,N/A,N/A
5454,WASHPOOL,197.47,> 20 km,N/A,N/A
5419,MOUNT BRYAN EAST,199.21,> 20 km,N/A,N/A
5417,BUNYUNG,199.54,> 20 km,N/A,N/A
5575,KOOLYWURTIE,199.93,> 20 km,N/A,N/A
5302,LAMEROO,200.2,> 20 km,N/A,N/A
5330,MARKARANKA,200.66,> 20 km,N/A,N/A
5310,WANBI,202.15,> 20 km,N/A,N/A
5320,WESTONS FLAT,202.49,> 20 km,N/A,N/A
5491,WEST BUNDALEER,202.78,> 20 km,N/A,N/A
5330,WIGLEY FLAT,203.15,> 20 km,N/A,N/A
5330,WOOLPUNDA,203.22,> 20 km,N/A,N/A
5220,PARNDANA,203.72,> 20 km,N/A,N/A
5223,CASSINI,204.39,> 20 km,N/A,N/A
5575,MINLATON,204.5,> 20 km,N/A,N/A
5267,COOMBE,205.75,> 20 km,N/A,N/A
5330,HOLDER SIDING,206.67,> 20 km,N/A,N/A
5523,WANDEARAH EAST,207.04,> 20 km,N/A,N/A
5523,WANDEARAH WEST,207.04,> 20 km,N/A,N/A
5523,NUROM,207.57,> 20 km,N/A,N/A
5575,PORT RICKABY,208.07,> 20 km,N/A,N/A
5330,BOOLGUN,208.09,> 20 km,N/A,N/A
5523,HUDDLESTON,208.36,> 20 km,N/A,N/A
5582,STANSBURY,208.54,> 20 km,N/A,N/A
5491,BUNDALEER NORTH,209.06,> 20 km,N/A,N/A
5264,SALT CREEK,209.65,> 20 km,N/A,N/A
5310,CALIPH,209.75,> 20 km,N/A,N/A
5575,RAMSAY,209.94,> 20 km,N/A,N/A
5223,SEDDON,210.32,> 20 km,N/A,N/A
5473,GLADSTONE,210.58,> 20 km,N/A,N/A
5311,MAGGEA,210.95,> 20 km,N/A,N/A
5491,BELALIE EAST,212.47,> 20 km,N/A,N/A
5419,ULOOLOO,212.57,> 20 km,N/A,N/A
5454,MAYFIELD,212.92,> 20 km,N/A,N/A
5266,COLEBATCH,213.28,> 20 km,N/A,N/A
5223,SEAL BAY,213.95,> 20 km,N/A,N/A
5418,COLLINSVILLE,214.74,> 20 km,N/A,N/A
5540,WARNERTOWN,214.81,> 20 km,N/A,N/A
5575,PARSONS BEACH,215.46,> 20 km,N/A,N/A
5331,KINGSTON ON MURRAY,215.48,> 20 km,N/A,N/A
5223,VIVONNE BAY,215.97,> 20 km,N/A,N/A
5491,BUNDALEER GARDENS,216.13,> 20 km,N/A,N/A
5420,WHYTE YARCOWIE,216.25,> 20 km,N/A,N/A
5267,MOUNT CHARLES,216.56,> 20 km,N/A,N/A
5575,BLUFF BEACH,216.66,> 20 km,N/A,N/A
5523,BEETALOO VALLEY,217.32,> 20 km,N/A,N/A
5491,JAMESTOWN,217.92,> 20 km,N/A,N/A
5575,BRENTWOOD,218.69,> 20 km,N/A,N/A
5417,BALAH,218.85,> 20 km,N/A,N/A
5223,DUNCAN,219.22,> 20 km,N/A,N/A
5223,STOKES BAY,219.29,> 20 km,N/A,N/A
5330,POOGINOOK,219.8,> 20 km,N/A,N/A
5575,WOOL BAY,220.02,> 20 km,N/A,N/A
5311,ALAWOONA,220.92,> 20 km,N/A,N/A
5540,PIRIE EAST,221.24,> 20 km,N/A,N/A
5303,PARILLA,221.42,> 20 km,N/A,N/A
5540,BUNGAMA,221.42,> 20 km,N/A,N/A
5602,LUCKY BAY,223.13,> 20 km,N/A,N/A
5575,HARDWICKE BAY,223.15,> 20 km,N/A,N/A
5332,MOOROOK,223.46,> 20 km,N/A,N/A
5332,MOOROOK SOUTH,223.46,> 20 km,N/A,N/A
5540,COONAMIA,223.75,> 20 km,N/A,N/A
5540,LOWER BROUGHTON,223.86,> 20 km,N/A,N/A
5490,CALTOWIE,224.16,> 20 km,N/A,N/A
5420,CANOWIE BELT,224.19,> 20 km,N/A,N/A
5223,MIDDLE RIVER,224.22,> 20 km,N/A,N/A
5540,NAPPERBY,224.23,> 20 km,N/A,N/A
5346,COBDOGLA,224.3,> 20 km,N/A,N/A
5480,LAURA,225.11,> 20 km,N/A,N/A
5540,SOLOMONTOWN,225.66,> 20 km,N/A,N/A
5421,TEROWIE,225.7,> 20 km,N/A,N/A
5267,KEITH,225.78,> 20 km,N/A,N/A
5333,PYAP WEST,226.12,> 20 km,N/A,N/A
5330,DEVLINS POUND,227.43,> 20 km,N/A,N/A
5540,PORT PIRIE,227.64,> 20 km,N/A,N/A
5540,PORT PIRIE SOUTH,227.74,> 20 km,N/A,N/A
5332,YINKANIE,227.88,> 20 km,N/A,N/A
5345,LOVEDAY,228.43,> 20 km,N/A,N/A
5540,RISDON PARK SOUTH,228.82,> 20 km,N/A,N/A
5540,PORT PIRIE WEST,228.89,> 20 km,N/A,N/A
5540,RISDON PARK,229.02,> 20 km,N/A,N/A
5345,BARMERA,229.03,> 20 km,N/A,N/A
5223,NEWLAND,229.28,> 20 km,N/A,N/A
5583,COOBOWIE,229.31,> 20 km,N/A,N/A
5583,EDITHBURGH,229.31,> 20 km,N/A,N/A
5311,VEITCH,229.47,> 20 km,N/A,N/A
5417,WARNES,229.72,> 20 km,N/A,N/A
5223,GOSSE,229.81,> 20 km,N/A,N/A
5576,YORKETOWN,229.91,> 20 km,N/A,N/A
5540,NELSHABY,230.01,> 20 km,N/A,N/A
5419,PINE CREEK,231.6,> 20 km,N/A,N/A
5311,MALPAS,231.72,> 20 km,N/A,N/A
5490,CALTOWIE NORTH,232.35,> 20 km,N/A,N/A
5495,GERMEIN BAY,232.4,> 20 km,N/A,N/A
5311,WUNKAR,232.48,> 20 km,N/A,N/A
5490,CALTOWIE WEST,233.29,> 20 km,N/A,N/A
5491,BELALIE NORTH,233.69,> 20 km,N/A,N/A
5333,NEW RESIDENCE,233.77,> 20 km,N/A,N/A
5583,SULTANA POINT,233.82,> 20 km,N/A,N/A
5223,STUN'SAIL BOOM,233.94,> 20 km,N/A,N/A
5480,STONE HUT,234.07,> 20 km,N/A,N/A
5417,OLD KOOMOOLOO,234.27,> 20 km,N/A,N/A
5266,BUNBURY,234.47,> 20 km,N/A,N/A
5576,HONITON,234.72,> 20 km,N/A,N/A
5495,WEEROONA ISLAND,235.1,> 20 km,N/A,N/A
5344,GLOSSOP,236.15,> 20 km,N/A,N/A
5422,MANNANARIE,236.22,> 20 km,N/A,N/A
5330,OVERLAND CORNER,236.35,> 20 km,N/A,N/A
5577,WAROOKA,236.65,> 20 km,N/A,N/A
5311,SCHELL WELL,237.36,> 20 km,N/A,N/A
5419,WONNA,237.78,> 20 km,N/A,N/A
5540,PORT DAVIS,237.89,> 20 km,N/A,N/A
5575,POINT TURTON,238.0,> 20 km,N/A,N/A
5540,TELOWIE,238.46,> 20 km,N/A,N/A
5267,BRIMBAGO,238.64,> 20 km,N/A,N/A
5343,WINKIE,238.72,> 20 km,N/A,N/A
5422,SUNNYBRAE,239.55,> 20 km,N/A,N/A
5491,HORNSDALE,240.12,> 20 km,N/A,N/A
5333,PATA,241.0,> 20 km,N/A,N/A
5304,PINNAROO,241.24,> 20 km,N/A,N/A
5332,WAPPILKA,241.48,> 20 km,N/A,N/A
5311,BILLIATT,241.59,> 20 km,N/A,N/A
5311,PARUNA,241.92,> 20 km,N/A,N/A
5421,FRANKLYN,242.32,> 20 km,N/A,N/A
5304,KARTE,242.46,> 20 km,N/A,N/A
5481,WIRRABARA,242.7,> 20 km,N/A,N/A
5343,BERRI,243.19,> 20 km,N/A,N/A
5480,APPILA,243.58,> 20 km,N/A,N/A
5495,PORT GERMEIN,243.79,> 20 km,N/A,N/A
5576,PORT MOOROWIE,244.35,> 20 km,N/A,N/A
5345,SPECTACLE LAKE,244.92,> 20 km,N/A,N/A
5333,PYAP,246.2,> 20 km,N/A,N/A
5417,CANEGRASS,246.22,> 20 km,N/A,N/A
5223,WESTERN RIVER,246.29,> 20 km,N/A,N/A
5343,GURRA GURRA,246.84,> 20 km,N/A,N/A
5417,GLUEPOT,247.52,> 20 km,N/A,N/A
5267,MAKIN,247.62,> 20 km,N/A,N/A
5417,PARCOOLA,247.71,> 20 km,N/A,N/A
5343,GERARD,248.94,> 20 km,N/A,N/A
5422,PETERBOROUGH,249.04,> 20 km,N/A,N/A
5493,YONGALA,249.19,> 20 km,N/A,N/A
5577,POINT SOUTTAR,249.38,> 20 km,N/A,N/A
5266,DEEPWATER,249.41,> 20 km,N/A,N/A
5333,BOOKPURNONG,249.74,> 20 km,N/A,N/A
5481,WONGYARRA,249.87,> 20 km,N/A,N/A
5422,YATINA,250.04,> 20 km,N/A,N/A
5342,MONASH,250.45,> 20 km,N/A,N/A
5267,WIRREGA,250.47,> 20 km,N/A,N/A
5223,KARATTA,250.74,> 20 km,N/A,N/A
5422,UCOLTA,251.47,> 20 km,N/A,N/A
5343,LYRUP,251.71,> 20 km,N/A,N/A
5431,TARCOWIE,251.79,> 20 km,N/A,N/A
5343,KATARAPKO,252.66,> 20 km,N/A,N/A
5311,MERIBAH,252.91,> 20 km,N/A,N/A
5330,TAYLORVILLE STATION,253.56,> 20 km,N/A,N/A
5341,OLD CALPERUM,253.78,> 20 km,N/A,N/A
5223,CAPE BORDA,254.06,> 20 km,N/A,N/A
5267,LAFFER,254.43,> 20 km,N/A,N/A
5341,RENMARK SOUTH,255.04,> 20 km,N/A,N/A
5330,HAWKS NEST STATION,255.64,> 20 km,N/A,N/A
5481,MURRAY TOWN,255.69,> 20 km,N/A,N/A
5270,CAREW,256.07,> 20 km,N/A,N/A
5333,LOXTON,256.49,> 20 km,N/A,N/A
5223,DE MOLE RIVER,256.54,> 20 km,N/A,N/A
5577,COUCH BEACH,256.84,> 20 km,N/A,N/A
5267,SHERWOOD,257.27,> 20 km,N/A,N/A
5577,THE PINES,257.5,> 20 km,N/A,N/A
5341,RENMARK WEST,257.9,> 20 km,N/A,N/A
5422,PARNAROO,258.03,> 20 km,N/A,N/A
5267,WILLALOOKA,258.28,> 20 km,N/A,N/A
5223,FLINDERS CHASE,258.34,> 20 km,N/A,N/A
5341,RENMARK,258.55,> 20 km,N/A,N/A
5431,BLACK ROCK,259.8,> 20 km,N/A,N/A
5422,OODLA WIRRA,260.41,> 20 km,N/A,N/A
5481,BANGOR,260.68,> 20 km,N/A,N/A
5333,LOXTON NORTH,261.09,> 20 km,N/A,N/A
5495,BAROOTA,261.36,> 20 km,N/A,N/A
5341,RENMARK NORTH,262.63,> 20 km,N/A,N/A
5417,FARAWAY HILL,262.95,> 20 km,N/A,N/A
5340,PARINGA,263.05,> 20 km,N/A,N/A
5275,TILLEY SWAMP,263.75,> 20 km,N/A,N/A
5270,KONGAL,263.94,> 20 km,N/A,N/A
5495,MAMBRAY CREEK,264.25,> 20 km,N/A,N/A
5431,PEKINA,265.04,> 20 km,N/A,N/A
5268,CANNAWIGARA,265.06,> 20 km,N/A,N/A
5304,KRINGIN,265.2,> 20 km,N/A,N/A
5270,BUCKINGHAM,266.26,> 20 km,N/A,N/A
5341,CHAFFEY,267.72,> 20 km,N/A,N/A
5422,DAWSON,268.11,> 20 km,N/A,N/A
5340,MUNDIC CREEK,268.22,> 20 km,N/A,N/A
5267,MCCALLUM,268.38,> 20 km,N/A,N/A
5341,COOLTONG,268.84,> 20 km,N/A,N/A
5575,CORNY POINT,269.13,> 20 km,N/A,N/A
5340,PIKE RIVER,269.24,> 20 km,N/A,N/A
5340,WONUARRA,269.25,> 20 km,N/A,N/A
5422,MINVALARA,269.31,> 20 km,N/A,N/A
5482,BOOLEROO CENTRE,269.57,> 20 km,N/A,N/A
5268,LOWAN VALE,269.66,> 20 km,N/A,N/A
5311,BUGLE HUT,269.8,> 20 km,N/A,N/A
5311,WOODLEIGH,270.41,> 20 km,N/A,N/A
5268,BORDERTOWN,270.79,> 20 km,N/A,N/A
5311,TALDRA,272.04,> 20 km,N/A,N/A
5577,FOUL BAY,272.13,> 20 km,N/A,N/A
5304,PEEBINGA,272.66,> 20 km,N/A,N/A
5268,SENIOR,273.25,> 20 km,N/A,N/A
5270,MUNDULLA,274.0,> 20 km,N/A,N/A
5422,HARDY,274.62,> 20 km,N/A,N/A
5431,ORROROO,274.73,> 20 km,N/A,N/A
5483,MELROSE,274.85,> 20 km,N/A,N/A
5417,PINE VALLEY STATION,276.16,> 20 km,N/A,N/A
5440,NACKARA,276.44,> 20 km,N/A,N/A
5267,PETHERICK,276.74,> 20 km,N/A,N/A
5311,TAPLAN,277.19,> 20 km,N/A,N/A
5575,WHITE HUT,277.82,> 20 km,N/A,N/A
5340,MURTHO,278.63,> 20 km,N/A,N/A
5700,MIRANDA,278.97,> 20 km,N/A,N/A
5267,SHAUGH,280.01,> 20 km,N/A,N/A
5275,WEST RANGE,280.97,> 20 km,N/A,N/A
5275,TARATAP,281.48,> 20 km,N/A,N/A
5495,NECTAR BROOK,281.59,> 20 km,N/A,N/A
5270,SWEDE FLAT,282.33,> 20 km,N/A,N/A
5268,BORDERTOWN SOUTH,282.83,> 20 km,N/A,N/A
5340,YAMBA,284.06,> 20 km,N/A,N/A
5270,MUNDULLA WEST,284.37,> 20 km,N/A,N/A
5269,WOLSELEY,285.39,> 20 km,N/A,N/A
5271,MARCOLLAT,286.17,> 20 km,N/A,N/A
5271,PADTHAWAY,286.2,> 20 km,N/A,N/A
5269,PINE HILL,286.3,> 20 km,N/A,N/A
5422,CAVENAGH,287.28,> 20 km,N/A,N/A
5431,WALLOWAY,287.5,> 20 km,N/A,N/A
5575,MARION BAY,287.57,> 20 km,N/A,N/A
5302,NGARKAT,287.57,> 20 km,N/A,N/A
5700,WINNINOWIE,287.95,> 20 km,N/A,N/A
5341,CHOWILLA,288.0,> 20 km,N/A,N/A
5341,CALPERUM STATION,288.0,> 20 km,N/A,N/A
5341,CRESCENT,288.0,> 20 km,N/A,N/A
5431,WILLOWIE,288.25,> 20 km,N/A,N/A
5417,STURT VALE,289.22,> 20 km,N/A,N/A
5268,POOGINAGORIC,289.79,> 20 km,N/A,N/A
5431,MORCHARD,290.6,> 20 km,N/A,N/A
5275,ROSETOWN,292.39,> 20 km,N/A,N/A
5268,WESTERN FLAT,292.76,> 20 km,N/A,N/A
5275,KINGSTON SE,293.59,> 20 km,N/A,N/A
5440,GRAMPUS,293.6,> 20 km,N/A,N/A
5431,MINBURRA,295.64,> 20 km,N/A,N/A
5700,CULTANA,296.22,> 20 km,N/A,N/A
5431,EURELIA,296.31,> 20 km,N/A,N/A
5431,AMYTON,297.56,> 20 km,N/A,N/A
5275,WYOMI,298.04,> 20 km,N/A,N/A
5275,SANDY GROVE,298.1,> 20 km,N/A,N/A
5422,ERSKINE,298.11,> 20 km,N/A,N/A
5485,WILMINGTON,298.87,> 20 km,N/A,N/A
5577,INNESTON,298.97,> 20 km,N/A,N/A
5431,COOMOOROO,299.24,> 20 km,N/A,N/A
5275,BLACKFORD,299.86,> 20 km,N/A,N/A
5275,KEILIRA,300.96,> 20 km,N/A,N/A
5269,CUSTON,301.34,> 20 km,N/A,N/A
5275,PINKS BEACH,301.36,> 20 km,N/A,N/A
5268,BANGHAM,303.3,> 20 km,N/A,N/A
5271,KEPPOCH,304.41,> 20 km,N/A,N/A
5701,WOOLUNDUNGA,304.47,> 20 km,N/A,N/A
5272,WOOLUMBOOL,304.6,> 20 km,N/A,N/A
5440,PUALCO RANGE,304.67,> 20 km,N/A,N/A
5700,PORT PATERSON,305.37,> 20 km,N/A,N/A
5431,HAMMOND,307.17,> 20 km,N/A,N/A
5431,JOHNBURGH,307.55,> 20 km,N/A,N/A
5431,MINBURRA PLAIN,308.01,> 20 km,N/A,N/A
5700,PORT AUGUSTA,308.67,> 20 km,N/A,N/A
5710,STIRLING NORTH,309.02,> 20 km,N/A,N/A
5431,YALPARA,310.04,> 20 km,N/A,N/A
5700,DAVENPORT,310.43,> 20 km,N/A,N/A
5422,PARATOO,310.61,> 20 km,N/A,N/A
5432,CARRIETON,311.29,> 20 km,N/A,N/A
5700,PORT AUGUSTA WEST,311.46,> 20 km,N/A,N/A
5700,MUNDALLIO,312.24,> 20 km,N/A,N/A
5275,REEDY CREEK,313.58,> 20 km,N/A,N/A
5700,WAMI KATA,315.52,> 20 km,N/A,N/A
5275,CAPE JAFFA,316.34,> 20 km,N/A,N/A
5275,WANGOLINA,316.58,> 20 km,N/A,N/A
5433,SALTIA,316.94,> 20 km,N/A,N/A
5432,MOOCKRA,318.24,> 20 km,N/A,N/A
5440,YUNTA,319.6,> 20 km,N/A,N/A
5271,CADGEE,319.87,> 20 km,N/A,N/A
5433,BRUCE,322.52,> 20 km,N/A,N/A
5271,LOCHABER,322.77,> 20 km,N/A,N/A
5432,YANYARRIE,323.16,> 20 km,N/A,N/A
5271,THE GAP,323.17,> 20 km,N/A,N/A
5262,FRANCES,324.08,> 20 km,N/A,N/A
5431,NORTH HILLS,324.64,> 20 km,N/A,N/A
5700,COMMISSARIAT POINT,325.16,> 20 km,N/A,N/A
5273,AVENUE RANGE,325.27,> 20 km,N/A,N/A
5275,MOUNT BENSON,326.04,> 20 km,N/A,N/A
5275,BOATSWAIN POINT,326.9,> 20 km,N/A,N/A
5417,DANGGALI,328.93,> 20 km,N/A,N/A
5422,WAROONEE,329.74,> 20 km,N/A,N/A
5262,BINNUM,331.01,> 20 km,N/A,N/A
5433,STEPHENSTON,332.22,> 20 km,N/A,N/A
5271,NARACOORTE,333.3,> 20 km,N/A,N/A
5431,MINBURRA STATION,334.48,> 20 km,N/A,N/A
5700,BLANCHE HARBOR,334.82,> 20 km,N/A,N/A
5715,LINCOLN GAP,335.18,> 20 km,N/A,N/A
5432,BELTON,335.96,> 20 km,N/A,N/A
5271,WILD DOG VALLEY,336.1,> 20 km,N/A,N/A
5276,ROBE,336.25,> 20 km,N/A,N/A
5433,QUORN,336.36,> 20 km,N/A,N/A
5271,MOUNT LIGHT,338.96,> 20 km,N/A,N/A
5262,KYBYBOLITE,339.34,> 20 km,N/A,N/A
5713,EMEROO,341.26,> 20 km,N/A,N/A
5433,YARRAH,342.2,> 20 km,N/A,N/A
5271,MOYHALL,343.06,> 20 km,N/A,N/A
5272,LUCINDALE,343.1,> 20 km,N/A,N/A
5262,HYNAM,343.59,> 20 km,N/A,N/A
5271,STEWART RANGE,344.16,> 20 km,N/A,N/A
5715,ILLEROO,344.19,> 20 km,N/A,N/A
5272,CONMURRA,345.31,> 20 km,N/A,N/A
5417,QUONDONG,348.1,> 20 km,N/A,N/A
5432,WILCOWIE,348.75,> 20 km,N/A,N/A
5271,STRUAN,349.17,> 20 km,N/A,N/A
5271,KOPPAMURRA,349.87,> 20 km,N/A,N/A
5715,CARRIEWERLOO,350.69,> 20 km,N/A,N/A
5713,MOUNT ARDEN,352.04,> 20 km,N/A,N/A
5276,BRAY,352.69,> 20 km,N/A,N/A
5271,SPENCE,353.51,> 20 km,N/A,N/A
5440,OULNINA PARK,354.12,> 20 km,N/A,N/A
5440,WINNININNIE,355.11,> 20 km,N/A,N/A
5432,CRADOCK,355.11,> 20 km,N/A,N/A
5272,GREENWAYS,355.24,> 20 km,N/A,N/A
5271,JOANNA,356.13,> 20 km,N/A,N/A
5440,WAUKARINGA,357.11,> 20 km,N/A,N/A
5271,BOOL LAGOON,358.87,> 20 km,N/A,N/A
5715,PANDURRA,359.68,> 20 km,N/A,N/A
5271,LAURIE PARK,359.69,> 20 km,N/A,N/A
5276,NORA CREINA,360.05,> 20 km,N/A,N/A
5440,MELTON STATION,361.2,> 20 km,N/A,N/A
5440,MANUNDA STATION,361.95,> 20 km,N/A,N/A
5432,THREE CREEKS,362.68,> 20 km,N/A,N/A
5440,MANNA HILL,363.88,> 20 km,N/A,N/A
5432,WITCHITIE,363.88,> 20 km,N/A,N/A
5417,OAKVALE STATION,364.28,> 20 km,N/A,N/A
5433,WILLOCHRA,365.03,> 20 km,N/A,N/A
5713,WILKATANA STATION,365.65,> 20 km,N/A,N/A
5440,FLORINA STATION,365.98,> 20 km,N/A,N/A
5271,WRATTONBULLY,366.62,> 20 km,N/A,N/A
5280,KANGAROO INN,367.39,> 20 km,N/A,N/A
5272,FOX,367.5,> 20 km,N/A,N/A
5277,COMAUM,368.81,> 20 km,N/A,N/A
5440,NETLEY GAP,369.11,> 20 km,N/A,N/A
5280,THORNLEA,372.0,> 20 km,N/A,N/A
5277,GLENROY,374.09,> 20 km,N/A,N/A
5272,COLES,374.33,> 20 km,N/A,N/A
5263,COONAWARRA,375.13,> 20 km,N/A,N/A
5440,OULNINA,375.8,> 20 km,N/A,N/A
5277,MAAOUPE,377.07,> 20 km,N/A,N/A
5434,KANYAKA,377.13,> 20 km,N/A,N/A
5713,YADLAMALKA,378.96,> 20 km,N/A,N/A
5611,IRON KNOB,379.02,> 20 km,N/A,N/A
5280,BEACHPORT,379.9,> 20 km,N/A,N/A
5713,KOOTABERRA,380.0,> 20 km,N/A,N/A
5715,WARTAKA,380.36,> 20 km,N/A,N/A
5280,MAGAREY,380.93,> 20 km,N/A,N/A
5601,WHYALLA BARSON,381.76,> 20 km,N/A,N/A
5611,CORUNNA STATION,381.81,> 20 km,N/A,N/A
5280,FURNER,381.98,> 20 km,N/A,N/A
5280,CLAY WELLS,382.35,> 20 km,N/A,N/A
5434,HAWKER,382.38,> 20 km,N/A,N/A
5277,PENOLA,382.5,> 20 km,N/A,N/A
5611,KATUNGA STATION,382.54,> 20 km,N/A,N/A
5440,KOONAMORE,382.63,> 20 km,N/A,N/A
5280,HATHERLEIGH,383.31,> 20 km,N/A,N/A
5600,WHYALLA PLAYFORD,385.42,> 20 km,N/A,N/A
5600,WHYALLA,385.77,> 20 km,N/A,N/A
5608,WHYALLA NORRIE,386.66,> 20 km,N/A,N/A
5601,FALSE BAY,387.36,> 20 km,N/A,N/A
5608,WHYALLA STUART,387.46,> 20 km,N/A,N/A
5440,MOUNT VICTOR STATION,388.31,> 20 km,N/A,N/A
5434,WORUMBA,389.04,> 20 km,N/A,N/A
5277,MONBULLA,389.43,> 20 km,N/A,N/A
5609,COWLEDS LANDING,390.04,> 20 km,N/A,N/A
5609,MIDDLEBACK RANGE,390.04,> 20 km,N/A,N/A
5609,WHYALLA JENKINS,390.04,> 20 km,N/A,N/A
5609,MURNINNIE BEACH,390.04,> 20 km,N/A,N/A
5608,MULLAQUANA,390.3,> 20 km,N/A,N/A
5432,HOLOWILIENA,391.52,> 20 km,N/A,N/A
5440,WEEKEROO,391.65,> 20 km,N/A,N/A
5280,RENDELSHAM,392.22,> 20 km,N/A,N/A
5713,WALLERBERDINA,392.58,> 20 km,N/A,N/A
5440,OUTALPA,394.86,> 20 km,N/A,N/A
5280,SOUTHEND,394.89,> 20 km,N/A,N/A
5601,PORT BONYTHON,396.1,> 20 km,N/A,N/A
5601,POINT LOWLY NORTH,397.11,> 20 km,N/A,N/A
5601,POINT LOWLY,397.33,> 20 km,N/A,N/A
5279,SHORT,397.67,> 20 km,N/A,N/A
5280,SEBASTOPOL,398.26,> 20 km,N/A,N/A
5280,MILLICENT,398.52,> 20 km,N/A,N/A
5601,FITZGERALD BAY,398.59,> 20 km,N/A,N/A
5432,HOLOWILIENA SOUTH,398.83,> 20 km,N/A,N/A
5440,BENDA,398.86,> 20 km,N/A,N/A
5278,KRONGART,399.07,> 20 km,N/A,N/A
5432,BIBLIANDO,399.34,> 20 km,N/A,N/A
5280,WATTLE RANGE,400.35,> 20 km,N/A,N/A
5278,MOERLONG,400.59,> 20 km,N/A,N/A
5280,ROCKY CAMP,400.6,> 20 km,N/A,N/A
5440,OLARY,400.71,> 20 km,N/A,N/A
5277,NANGWARRY,402.5,> 20 km,N/A,N/A
5715,YUDNAPINNA,402.78,> 20 km,N/A,N/A
5434,BARNDIOOTA,403.13,> 20 km,N/A,N/A
5601,BACKY POINT,403.18,> 20 km,N/A,N/A
5279,WATTLE RANGE EAST,403.61,> 20 km,N/A,N/A
5440,WADNAMINGA,403.68,> 20 km,N/A,N/A
5611,GILLES DOWNS,405.7,> 20 km,N/A,N/A
5432,BARATTA,405.72,> 20 km,N/A,N/A
5440,WIAWERA,405.75,> 20 km,N/A,N/A
5279,MOUNT BURR,406.09,> 20 km,N/A,N/A
5601,DOUGLAS POINT SOUTH,409.55,> 20 km,N/A,N/A
5611,IRON BARON,409.58,> 20 km,N/A,N/A
5440,ABMINGA STATION,409.93,> 20 km,N/A,N/A
5601,DOUGLAS POINT,410.09,> 20 km,N/A,N/A
5280,CANUNDA,410.71,> 20 km,N/A,N/A
5434,SHAGGY RIDGE,411.08,> 20 km,N/A,N/A
5278,KALANGADOO,411.45,> 20 km,N/A,N/A
5279,MOUNT MCINTYRE,411.78,> 20 km,N/A,N/A
5277,TARPEENA,412.01,> 20 km,N/A,N/A
5280,TANTANOOLA,412.62,> 20 km,N/A,N/A
5432,WILLIPPA,415.08,> 20 km,N/A,N/A
5434,BLACK HILL STATION,416.81,> 20 km,N/A,N/A
5278,WEPAR,417.49,> 20 km,N/A,N/A
5440,PLUMBAGO,418.85,> 20 km,N/A,N/A
5440,DEVONBOROUGH DOWNS,419.23,> 20 km,N/A,N/A
5279,KOORINE,421.94,> 20 km,N/A,N/A
5440,BULLOO CREEK,421.98,> 20 km,N/A,N/A
5291,DISMAL SWAMP,423.62,> 20 km,N/A,N/A
5291,MINGBOOL,424.11,> 20 km,N/A,N/A
5280,GERMAN FLAT,424.2,> 20 km,N/A,N/A
5717,UNO,424.27,> 20 km,N/A,N/A
5277,PLEASANT PARK,425.53,> 20 km,N/A,N/A
5291,GLENCOE,425.82,> 20 km,N/A,N/A
5434,PRELINNA,427.87,> 20 km,N/A,N/A
5434,FLINDERS RANGES,428.06,> 20 km,N/A,N/A
5713,SOUTH GAP,428.31,> 20 km,N/A,N/A
5611,MYOLA STATION,428.4,> 20 km,N/A,N/A
5440,TIKALINA,430.57,> 20 km,N/A,N/A
5291,WANDILO,430.8,> 20 km,N/A,N/A
5291,BURRUNGULE,430.94,> 20 km,N/A,N/A
5611,LAKE GILLES,430.97,> 20 km,N/A,N/A
5291,MIL-LEL,433.18,> 20 km,N/A,N/A
5713,OAKDEN HILLS,433.8,> 20 km,N/A,N/A
5291,SUTTONTOWN,433.86,> 20 km,N/A,N/A
5440,CURNAMONA,434.06,> 20 km,N/A,N/A
5713,LAKE TORRENS STATION,434.14,> 20 km,N/A,N/A
5290,MOUNT GAMBIER,435.75,> 20 km,N/A,N/A
5291,WORROLONG,436.32,> 20 km,N/A,N/A
5291,GERMAN CREEK,437.46,> 20 km,N/A,N/A
5291,KONGORONG,438.98,> 20 km,N/A,N/A
5434,MOUNT HAVELOCK,440.59,> 20 km,N/A,N/A
5291,GLENBURNIE,440.96,> 20 km,N/A,N/A
5440,BIMBOWRIE,442.26,> 20 km,N/A,N/A
5291,SQUARE MILE,442.84,> 20 km,N/A,N/A
5434,UPALINNA,443.3,> 20 km,N/A,N/A
5291,OB FLAT,443.41,> 20 km,N/A,N/A
5440,MINGARY,443.83,> 20 km,N/A,N/A
5291,YAHL,444.75,> 20 km,N/A,N/A
5291,CARPENTER ROCKS,445.11,> 20 km,N/A,N/A
5291,PELICAN POINT,446.27,> 20 km,N/A,N/A
5291,COMPTON,447.18,> 20 km,N/A,N/A
5291,BLACKFELLOWS CAVES,448.35,> 20 km,N/A,N/A
5291,CAROLINE,449.2,> 20 km,N/A,N/A
5291,MOORAK,449.27,> 20 km,N/A,N/A
5717,NONNING,449.46,> 20 km,N/A,N/A
5291,CAVETON,450.56,> 20 km,N/A,N/A
5291,NENE VALLEY,450.84,> 20 km,N/A,N/A
5291,MOUNT SCHANK,451.45,> 20 km,N/A,N/A
5440,BINDARRAH,454.58,> 20 km,N/A,N/A
5291,CAPE DOUGLAS,454.7,> 20 km,N/A,N/A
5611,COOYERDOO,455.4,> 20 km,N/A,N/A
5713,PERNATTY,457.77,> 20 km,N/A,N/A
5291,WYE,457.92,> 20 km,N/A,N/A
5641,BARNA,458.29,> 20 km,N/A,N/A
5713,WINTABATINYANA,460.69,> 20 km,N/A,N/A
5602,MIDGEE,460.77,> 20 km,N/A,N/A
5717,SIAM,463.01,> 20 km,N/A,N/A
5291,ALLENDALE EAST,464.2,> 20 km,N/A,N/A
5641,MOSELEY,464.56,> 20 km,N/A,N/A
5641,KIMBA,464.77,> 20 km,N/A,N/A
5291,EIGHT MILE CREEK,464.95,> 20 km,N/A,N/A
5291,PORT MACDONNELL,466.31,> 20 km,N/A,N/A
5291,DONOVANS,466.56,> 20 km,N/A,N/A
5440,PINE CREEK STATION,467.58,> 20 km,N/A,N/A
5440,COCKBURN,469.27,> 20 km,N/A,N/A
5434,WILLOW SPRINGS,469.36,> 20 km,N/A,N/A
5440,BOOLCOOMATTA,469.56,> 20 km,N/A,N/A
5641,YALANDA,470.05,> 20 km,N/A,N/A
5440,TEPCO STATION,471.18,> 20 km,N/A,N/A
5291,RACECOURSE BAY,471.2,> 20 km,N/A,N/A
5730,PARACHILNA,471.54,> 20 km,N/A,N/A
5440,MARTINS WELL,475.01,> 20 km,N/A,N/A
5715,YALYMBOO,476.71,> 20 km,N/A,N/A
5730,GUM CREEK STATION,477.0,> 20 km,N/A,N/A
5641,SOLOMON,478.44,> 20 km,N/A,N/A
5641,CORTLINYE,478.88,> 20 km,N/A,N/A
5730,MOUNT FALKLAND,480.11,> 20 km,N/A,N/A
5720,PIMBA,482.91,> 20 km,N/A,N/A
5730,MOTPENA,485.24,> 20 km,N/A,N/A
5641,WILCHERRY,486.41,> 20 km,N/A,N/A
5641,YELTANA,487.76,> 20 km,N/A,N/A
5720,WOOMERA,489.27,> 20 km,N/A,N/A
5602,COWELL,490.01,> 20 km,N/A,N/A
5730,ALPANA,490.23,> 20 km,N/A,N/A
5440,KALKAROO,490.69,> 20 km,N/A,N/A
5641,PINKAWILLINIE,490.99,> 20 km,N/A,N/A
5730,BLINMAN,491.96,> 20 km,N/A,N/A
5602,MITCHELLVILLE,492.7,> 20 km,N/A,N/A
5641,CUNYARIE,492.78,> 20 km,N/A,N/A
5611,SECRET ROCKS,492.9,> 20 km,N/A,N/A
5440,ERUDINA,493.12,> 20 km,N/A,N/A
5640,WADDIKEE,493.65,> 20 km,N/A,N/A
5717,MAHANEWO,494.29,> 20 km,N/A,N/A
5440,WOMPINIE,495.88,> 20 km,N/A,N/A
5730,ORATUNGA STATION,497.86,> 20 km,N/A,N/A
5717,MOUNT IVE,498.47,> 20 km,N/A,N/A
5602,MINBRIE,498.86,> 20 km,N/A,N/A
5641,KELLY,499.31,> 20 km,N/A,N/A
5730,WIRREALPA,500.12,> 20 km,N/A,N/A
5641,PANITYA,501.15,> 20 km,N/A,N/A
5641,CARALUE,503.13,> 20 km,N/A,N/A
5641,BUCKLEBOO,503.74,> 20 km,N/A,N/A
5440,MUTOOROO,504.13,> 20 km,N/A,N/A
5602,MILTALIE,504.88,> 20 km,N/A,N/A
5730,MOOLOOLOO,505.73,> 20 km,N/A,N/A
5440,KALABITY,505.84,> 20 km,N/A,N/A
5717,KOLENDO,506.51,> 20 km,N/A,N/A
5730,ANGORIGINA,506.73,> 20 km,N/A,N/A
5640,CAMPOONA,507.79,> 20 km,N/A,N/A
5641,BUNGEROO,507.88,> 20 km,N/A,N/A
5730,NILPENA,510.79,> 20 km,N/A,N/A
5440,YARRAMBA,510.86,> 20 km,N/A,N/A
5602,PORT GIBBON,511.02,> 20 km,N/A,N/A
5440,MUNDI MUNDI,512.41,> 20 km,N/A,N/A
5730,BELTANA STATION,514.5,> 20 km,N/A,N/A
5642,DARKE PEAK,515.49,> 20 km,N/A,N/A
5730,BELTANA,516.24,> 20 km,N/A,N/A
5440,MOOLEULOOLOO,521.17,> 20 km,N/A,N/A
5720,ARCOONA,521.3,> 20 km,N/A,N/A
5602,MANGALO,523.61,> 20 km,N/A,N/A
5650,KOONGAWA,524.03,> 20 km,N/A,N/A
5640,JAMIESON,524.79,> 20 km,N/A,N/A
5730,MOORILLAH,525.17,> 20 km,N/A,N/A
5650,COOTRA,525.57,> 20 km,N/A,N/A
5730,EDIACARA,525.88,> 20 km,N/A,N/A
5730,PUTTAPA,527.61,> 20 km,N/A,N/A
5642,KIELPA,529.62,> 20 km,N/A,N/A
5730,NARRINA,530.9,> 20 km,N/A,N/A
5732,MULGA VIEW,533.46,> 20 km,N/A,N/A
5640,CLEVE,533.56,> 20 km,N/A,N/A
5719,WIRRAMINNA,533.97,> 20 km,N/A,N/A
5603,ARNO BAY,534.71,> 20 km,N/A,N/A
5440,BILLEROO WEST,537.03,> 20 km,N/A,N/A
5731,LEIGH CREEK,537.47,> 20 km,N/A,N/A
5720,PURPLE DOWNS,539.44,> 20 km,N/A,N/A
5633,BOONERDO,540.47,> 20 km,N/A,N/A
5730,WARRAWEENA,541.63,> 20 km,N/A,N/A
5732,COPLEY,541.8,> 20 km,N/A,N/A
5642,RUDALL,542.35,> 20 km,N/A,N/A
5731,LEIGH CREEK STATION,546.87,> 20 km,N/A,N/A
5732,NORTH MOOLOOLOO,548.61,> 20 km,N/A,N/A
5440,MULYUNGARIE,551.67,> 20 km,N/A,N/A
5651,KYANCUTTA,552.57,> 20 km,N/A,N/A
5603,VERRAN,560.99,> 20 km,N/A,N/A
5642,HAMBIDGE,561.34,> 20 km,N/A,N/A
5440,FROME DOWNS,565.65,> 20 km,N/A,N/A
5650,WARRAMBOO,565.77,> 20 km,N/A,N/A
5652,WUDINNA,566.81,> 20 km,N/A,N/A
5604,PORT NEILL,569.47,> 20 km,N/A,N/A
5603,WHARMINDA,569.55,> 20 km,N/A,N/A
5717,THURLGA,570.85,> 20 km,N/A,N/A
5717,YARDEA,570.95,> 20 km,N/A,N/A
5652,PYGERY,572.42,> 20 km,N/A,N/A
5732,PINDA SPRINGS,573.91,> 20 km,N/A,N/A
5731,LYNDHURST,575.3,> 20 km,N/A,N/A
5731,MYRTLE SPRINGS,575.82,> 20 km,N/A,N/A
5732,MANNERS WELL,577.6,> 20 km,N/A,N/A
5605,BUTLER,577.65,> 20 km,N/A,N/A
5725,ROXBY DOWNS,578.0,> 20 km,N/A,N/A
5725,ROXBY DOWNS STATION,578.0,> 20 km,N/A,N/A
5720,BOSWORTH,578.54,> 20 km,N/A,N/A
5725,OLYMPIC DAM,578.62,> 20 km,N/A,N/A
5642,MURLONG,579.77,> 20 km,N/A,N/A
5603,HINCKS,580.68,> 20 km,N/A,N/A
5654,COCATA,586.1,> 20 km,N/A,N/A
5732,WERTALOONA,586.21,> 20 km,N/A,N/A
5607,MURDINGA,587.64,> 20 km,N/A,N/A
5607,MOODY,587.87,> 20 km,N/A,N/A
5633,ULYERRA,588.69,> 20 km,N/A,N/A
5670,PALKAGEE,589.22,> 20 km,N/A,N/A
5653,YANINEE,591.15,> 20 km,N/A,N/A
5732,BURR WELL,591.37,> 20 km,N/A,N/A
5722,ANDAMOOKA STATION,593.69,> 20 km,N/A,N/A
5722,ANDAMOOKA,593.69,> 20 km,N/A,N/A
5633,LOCK,594.19,> 20 km,N/A,N/A
5607,LIPSON,594.4,> 20 km,N/A,N/A
5719,GLENDAMBO,594.88,> 20 km,N/A,N/A
5719,COONDAMBO,594.93,> 20 km,N/A,N/A
5607,UNGARRA,595.48,> 20 km,N/A,N/A
5732,MOUNT SERLE,596.04,> 20 km,N/A,N/A
5732,NEPABUNNA,599.12,> 20 km,N/A,N/A
5731,FARINA STATION,600.11,> 20 km,N/A,N/A
5731,FARINA,601.78,> 20 km,N/A,N/A
5720,PARAKYLIA,602.66,> 20 km,N/A,N/A
5717,MOONAREE,603.38,> 20 km,N/A,N/A
5732,ANGEPENA,603.44,> 20 km,N/A,N/A
5605,TUMBY BAY,603.7,> 20 km,N/A,N/A
5654,MINNIPA,604.08,> 20 km,N/A,N/A
5732,YANKANINNA,607.6,> 20 km,N/A,N/A
5607,BROOKER,611.72,> 20 km,N/A,N/A
5654,MOUNT DAMPER,611.94,> 20 km,N/A,N/A
5731,MOUNT LYNDHURST,613.15,> 20 km,N/A,N/A
5631,COCKALEECHIE,618.53,> 20 km,N/A,N/A
5654,KARCULTABY,619.28,> 20 km,N/A,N/A
5607,WHITES RIVER,622.87,> 20 km,N/A,N/A
5607,YALLUNDA FLAT,623.36,> 20 km,N/A,N/A
5732,GAMMON RANGES,625.59,> 20 km,N/A,N/A
5632,YEELANNA,626.15,> 20 km,N/A,N/A
5731,WITCHELINA,626.71,> 20 km,N/A,N/A
5670,COOLILLIE,626.74,> 20 km,N/A,N/A
5607,KOPPIO,628.68,> 20 km,N/A,N/A
5732,ARKAROOLA,628.78,> 20 km,N/A,N/A
5670,TALIA,630.09,> 20 km,N/A,N/A
5701,ARKAROOLA VILLAGE,630.1,> 20 km,N/A,N/A
5670,MOUNT JOY,630.42,> 20 km,N/A,N/A
5607,LOUTH BAY,630.73,> 20 km,N/A,N/A
5670,POLDA,631.15,> 20 km,N/A,N/A
5670,MOUNT WEDGE,631.79,> 20 km,N/A,N/A
5670,BRAMFIELD,632.57,> 20 km,N/A,N/A
5607,POONINDIE,633.46,> 20 km,N/A,N/A
5607,TOOLIGIE,634.74,> 20 km,N/A,N/A
5670,COLTON,636.29,> 20 km,N/A,N/A
5719,KINGOONYA,637.46,> 20 km,N/A,N/A
5655,POOCHERA,637.79,> 20 km,N/A,N/A
5732,WOOLTANA,638.01,> 20 km,N/A,N/A
5607,NORTH SHIELDS,639.03,> 20 km,N/A,N/A
5671,MOUNT COOPER,639.4,> 20 km,N/A,N/A
5731,MULGARIA,641.33,> 20 km,N/A,N/A
5607,WHITES FLAT,641.43,> 20 km,N/A,N/A
5631,CUMMINS,641.51,> 20 km,N/A,N/A
5632,KARKOO,641.91,> 20 km,N/A,N/A
5607,POINT BOSTON,642.17,> 20 km,N/A,N/A
5732,UMBERATANA,643.3,> 20 km,N/A,N/A
5670,ELLISTON,644.86,> 20 km,N/A,N/A
5607,TIATUKIA,645.32,> 20 km,N/A,N/A
5719,WILGENA,645.95,> 20 km,N/A,N/A
5607,CHARLTON GULLY,646.12,> 20 km,N/A,N/A
5607,GREEN PATCH,647.09,> 20 km,N/A,N/A
5607,TOOTENILLA,648.17,> 20 km,N/A,N/A
5607,BOSTON,648.57,> 20 km,N/A,N/A
5720,STUARTS CREEK,650.57,> 20 km,N/A,N/A
5606,PORT LINCOLN,650.69,> 20 km,N/A,N/A
5671,PORT KENNY,651.39,> 20 km,N/A,N/A
5607,HAWSON,652.02,> 20 km,N/A,N/A
5680,CHANDADA,653.55,> 20 km,N/A,N/A
5720,MOUNT VIVIAN,653.64,> 20 km,N/A,N/A
5671,COLLEY,653.71,> 20 km,N/A,N/A
5630,EDILLILIE,653.77,> 20 km,N/A,N/A
5720,MILLERS CREEK,654.82,> 20 km,N/A,N/A
5655,KALDOONERA,655.09,> 20 km,N/A,N/A
5607,DUCK PONDS,655.14,> 20 km,N/A,N/A
5733,MARREE,655.57,> 20 km,N/A,N/A
5655,BOCKELBERG,656.57,> 20 km,N/A,N/A
5660,CUNGENA,657.16,> 20 km,N/A,N/A
5607,COOMUNGA,658.79,> 20 km,N/A,N/A
5733,MARREE STATION,660.06,> 20 km,N/A,N/A
5607,VENUS BAY,661.35,> 20 km,N/A,N/A
5607,WANILLA,662.21,> 20 km,N/A,N/A
5607,TULKA,662.64,> 20 km,N/A,N/A
5607,FOUNTAIN,665.35,> 20 km,N/A,N/A
5719,BON BON,666.49,> 20 km,N/A,N/A
5632,KAPINNIE,668.32,> 20 km,N/A,N/A
5671,WITERA,669.44,> 20 km,N/A,N/A
5607,PEARLAH,669.96,> 20 km,N/A,N/A
5661,YANTANABIE,670.59,> 20 km,N/A,N/A
5733,MUNDOWDNA,670.95,> 20 km,N/A,N/A
5607,MOUNT DRUMMOND,671.3,> 20 km,N/A,N/A
5655,LOCKES CLAYPAN,674.26,> 20 km,N/A,N/A
5607,COULTA,675.03,> 20 km,N/A,N/A
5607,ULEY,675.08,> 20 km,N/A,N/A
5671,TYRINGA,677.29,> 20 km,N/A,N/A
5671,MORTANA,678.11,> 20 km,N/A,N/A
5607,LINCOLN NATIONAL PARK,678.19,> 20 km,N/A,N/A
5733,CALLANNA,678.71,> 20 km,N/A,N/A
5607,SLEAFORD,679.16,> 20 km,N/A,N/A
5680,PIEDNIPPIE,679.35,> 20 km,N/A,N/A
5607,SHERINGA,680.2,> 20 km,N/A,N/A
5731,MOUNT FREELING,680.76,> 20 km,N/A,N/A
5607,MOUNT HOPE,681.88,> 20 km,N/A,N/A
5632,MITCHELL,682.19,> 20 km,N/A,N/A
5670,KAPPAWANTA,683.64,> 20 km,N/A,N/A
5660,CHILPENUNDA,683.66,> 20 km,N/A,N/A
5661,WIRRULLA,684.23,> 20 km,N/A,N/A
5607,WANGARY,685.57,> 20 km,N/A,N/A
5607,COFFIN BAY,687.5,> 20 km,N/A,N/A
5671,CALCA,688.99,> 20 km,N/A,N/A
5661,WALLALA,689.69,> 20 km,N/A,N/A
5733,MULOORINA,689.89,> 20 km,N/A,N/A
5607,MOUNT DUTTON BAY,691.16,> 20 km,N/A,N/A
5607,KELLIDIE BAY,691.21,> 20 km,N/A,N/A
5655,NARLABY,691.63,> 20 km,N/A,N/A
5732,MOOLAWATANA,693.81,> 20 km,N/A,N/A
5607,FARM BEACH,695.03,> 20 km,N/A,N/A
5680,MARYVALE,695.06,> 20 km,N/A,N/A
5661,PIMBAACLA,695.24,> 20 km,N/A,N/A
5607,KIANA,697.73,> 20 km,N/A,N/A
5717,KOKATHA,697.86,> 20 km,N/A,N/A
5680,STREAKY BAY,698.63,> 20 km,N/A,N/A
5607,LITTLE DOUGLAS,698.94,> 20 km,N/A,N/A
5680,PETINA,699.08,> 20 km,N/A,N/A
5731,MURNPEOWIE,700.86,> 20 km,N/A,N/A
5680,EBA ANCHORAGE,701.21,> 20 km,N/A,N/A
5671,BAIRD BAY,704.23,> 20 km,N/A,N/A
5680,PERLUBIE,704.32,> 20 km,N/A,N/A
5680,SCEALE BAY,706.14,> 20 km,N/A,N/A
5733,CLAYTON STATION,706.23,> 20 km,N/A,N/A
5680,NUNJIKOMPITA,707.34,> 20 km,N/A,N/A
5680,YANERBIE,714.57,> 20 km,N/A,N/A
5680,HASLAM,715.54,> 20 km,N/A,N/A
5680,INKSTER,716.7,> 20 km,N/A,N/A
5701,TARCOOLA,717.69,> 20 km,N/A,N/A
5680,CARAWA,718.31,> 20 km,N/A,N/A
5680,PUREBA,718.55,> 20 km,N/A,N/A
5680,PINJARRA STATION,719.78,> 20 km,N/A,N/A
5680,WESTALL,721.45,> 20 km,N/A,N/A
5720,MOUNT EBA,722.09,> 20 km,N/A,N/A
5680,CHINBINGINA,723.93,> 20 km,N/A,N/A
5717,HILTABA,725.9,> 20 km,N/A,N/A
5680,PUNTABIE,732.4,> 20 km,N/A,N/A
5723,MCDOUALL PEAK,732.92,> 20 km,N/A,N/A
5719,BULGUNNIA,734.9,> 20 km,N/A,N/A
5680,MUDAMUCKLA,743.05,> 20 km,N/A,N/A
5680,SMOKY BAY,755.05,> 20 km,N/A,N/A
5733,DULKANINNA,755.23,> 20 km,N/A,N/A
5690,MALTEE,758.75,> 20 km,N/A,N/A
5690,MERGHINY,760.53,> 20 km,N/A,N/A
5717,KONDOOLKA,762.05,> 20 km,N/A,N/A
5680,LAURA BAY,772.75,> 20 km,N/A,N/A
5733,ETADUNNA,775.03,> 20 km,N/A,N/A
5690,CEDUNA,776.51,> 20 km,N/A,N/A
5690,THEVENARD,779.39,> 20 km,N/A,N/A
5690,CEDUNA WATERS,779.77,> 20 km,N/A,N/A
5717,LAKE EVERARD,779.83,> 20 km,N/A,N/A
5690,WANDANA,781.04,> 20 km,N/A,N/A
5720,BILLA KALINA,782.87,> 20 km,N/A,N/A
5690,DENIAL BAY,789.33,> 20 km,N/A,N/A
5690,KALANBI,793.44,> 20 km,N/A,N/A
5440,QUINYAMBIE,794.0,> 20 km,N/A,N/A
5690,NADIA,797.09,> 20 km,N/A,N/A
5723,INGOMAR,812.71,> 20 km,N/A,N/A
5690,CHARRA,812.97,> 20 km,N/A,N/A
5690,KOONIBBA,813.08,> 20 km,N/A,N/A
5690,UWORRA,815.99,> 20 km,N/A,N/A
5690,YUMBARRA,819.29,> 20 km,N/A,N/A
5719,COMMONWEALTH HILL,823.37,> 20 km,N/A,N/A
5723,WILLIAM CREEK,823.44,> 20 km,N/A,N/A
5690,WATRABA,823.7,> 20 km,N/A,N/A
5690,WHITE WELL CORNER,826.74,> 20 km,N/A,N/A
5731,LINDON,826.86,> 20 km,N/A,N/A
5719,MULGATHING,829.74,> 20 km,N/A,N/A
5690,PENONG,848.38,> 20 km,N/A,N/A
5723,ANNA CREEK,849.78,> 20 km,N/A,N/A
5723,COOBER PEDY,849.99,> 20 km,N/A,N/A
5733,MUNGERANIE,857.45,> 20 km,N/A,N/A
5733,MULKA,862.77,> 20 km,N/A,N/A
5690,BOOKABIE,883.67,> 20 km,N/A,N/A
5723,MOUNT CLARENCE STATION,886.66,> 20 km,N/A,N/A
5723,MABEL CREEK,894.27,> 20 km,N/A,N/A
5690,YELLABINNA,896.66,> 20 km,N/A,N/A
5723,NILPINNA STATION,898.78,> 20 km,N/A,N/A
5731,MERTY MERTY,899.1,> 20 km,N/A,N/A
5733,COWARIE,905.88,> 20 km,N/A,N/A
5690,MITCHIDY MOOLA,908.78,> 20 km,N/A,N/A
5690,NANBONA,909.45,> 20 km,N/A,N/A
5690,FOWLERS BAY,917.22,> 20 km,N/A,N/A
5731,GIDGEALPA,921.59,> 20 km,N/A,N/A
5690,COORABIE,932.44,> 20 km,N/A,N/A
5733,KALAMURINA,939.94,> 20 km,N/A,N/A
5690,CHUNDARIA,942.87,> 20 km,N/A,N/A
5723,MOUNT BARRY,947.32,> 20 km,N/A,N/A
5733,CLIFTON HILLS STATION,977.04,> 20 km,N/A,N/A
5690,YALATA,980.48,> 20 km,N/A,N/A
5723,MOUNT WILLOUGHBY,998.38,> 20 km,N/A,N/A
5731,BOLLARDS LAGOON,1009.69,> 20 km,N/A,N/A
5723,ARCKARINGA,1014.68,> 20 km,N/A,N/A
5723,WINTINNA,1021.23,> 20 km,N/A,N/A
5723,EVELYN DOWNS,1034.8,> 20 km,N/A,N/A
5734,OODNADATTA,1043.26,> 20 km,N/A,N/A
5734,MACUMBA,1047.62,> 20 km,N/A,N/A
5723,ALLANDALE STATION,1051.33,> 20 km,N/A,N/A
5724,MARLA,1081.07,> 20 km,N/A,N/A
5733,ALTON DOWNS STATION,1118.62,> 20 km,N/A,N/A
5734,TODMORDEN,1119.93,> 20 km,N/A,N/A
5724,WELBOURN HILL,1127.6,> 20 km,N/A,N/A
5734,MOUNT SARAH,1132.0,> 20 km,N/A,N/A
872,IWANTJA,1134.97,> 20 km,N/A,N/A
5731,INNAMINCKA,1140.25,> 20 km,N/A,N/A
5733,PANDIE PANDIE,1150.91,> 20 km,N/A,N/A
5690,NULLARBOR,1168.1,> 20 km,N/A,N/A
5731,STRZELECKI DESERT,1180.76,> 20 km,N/A,N/A
872,DE ROSE HILL,1189.81,> 20 km,N/A,N/A
872,LAMBINA,1193.82,> 20 km,N/A,N/A
872,MIMILI,1196.42,> 20 km,N/A,N/A
872,AYERS RANGE SOUTH,1218.27,> 20 km,N/A,N/A
5734,ERINGA,1232.51,> 20 km,N/A,N/A
5734,WITJIRA,1239.45,> 20 km,N/A,N/A
5690,OAK VALLEY,1265.29,> 20 km,N/A,N/A
872,TIEYON,1330.81,> 20 km,N/A,N/A
5731,CORDILLO DOWNS,1339.96,> 20 km,N/A,N/A
872,YUNYARINYI,1373.15,> 20 km,N/A,N/A
872,PUKATJA,1392.58,> 20 km,N/A,N/A
872,UMUWA,1419.39,> 20 km,N/A,N/A
872,WATINUMA,1436.86,> 20 km,N/A,N/A
872,KALTJITI,1454.0,> 20 km,N/A,N/A
872,AMATA,1469.81,> 20 km,N/A,N/A
872,NYAPARI,1568.28,> 20 km,N/A,N/A
872,MURPUTJA,1573.44,> 20 km,N/A,N/A
872,KANPI,1578.7,> 20 km,N/A,N/A
872,PIPALYATJARA,1833.9,> 20 km,N/A,N/A
872,KALKA,1839.25,> 20 km,N/A,N/A
872,WATARRU,1969.66,> 20 km,N/A,N/A
